Date, Meal, Foods, Calories, Carbs, Fat, Protein, Cholest, Sodium, Sugars, Fiber
2014-9-19, Breakfast, General Mills Cereal - Raisin Nut Bran 3 Cup (49g), 720, 160g, 12g, 12g, 0mg, 920mg, 56g, 20g
2014-9-19, Breakfast, HEB Reduced Fat Milk 2% 1/2 Gallon - 2% Milk 2 cup, 240, 22g, 10g, 16g, 40mg, 200mg, 22g, 0g
2014-9-19, Lunch, Dr. Pepper - Cherry Dr. Pepper- 12 oz Can 12 oz, 160, 43g, 0g, 0g, 0mg, 60mg, 41g, 0g
2014-9-19, Lunch, Power Bar - Fruit and Nuts 1.58 oz., 210, 21g, 10g, 10g, 0mg, 220mg, 9g, 2g
2014-9-19, Lunch, Amy's - Organic Chili Spicy 1 container (1.6 cup (260 g) ea.), 448, 56g, 14g, 24g, 0mg, 1088mg, 8g, 11g
2014-9-19, Lunch, Eggs - Egglands Best - Large 1 egg (50g), 60, 0g, 4g, 6g, 175mg, 65mg, 0g, 0g
2014-9-19, Dinner, Classico - Spicy Tomato & Basil (Correct) 1/2 Cup (125 g), 60, 10g, 1g, 2g, 0mg, 480mg, 6g, 2g
2014-9-19, Dinner, Planters - Select - Cashews Almonds & Pecans With Sea Salt 1 oz, 170, 7g, 15g, 5g, 0mg, 60mg, 1g, 2g
2014-9-19, Snacks, Sun-maid - California Organic Raisins (Grams) 80 grams, 260, 62g, 0g, 2g, 0mg, 20mg, 58g, 4g
2014-9-20, Lunch, Blueberries - Raw 1 cup, 83, 21g, 0g, 1g, 0mg, 1mg, 14g, 3g
2014-9-20, Lunch, Strawberries - Raw 1 cup halves, 49, 12g, 0g, 1g, 0mg, 2mg, 7g, 3g
2014-9-20, Lunch, Smart Ones - Santa Fe 1 Package, 290, 50g, 6g, 9g, 5mg, 430mg, 5g, 4g
2014-9-20, Dinner, Eggs - Egglands Best - Large 2 egg (50g), 120, 0g, 8g, 12g, 350mg, 130mg, 0g, 0g
2014-9-20, Dinner, Amy's - Organic Chili Spicy 1 container (1.6 cup (260 g) ea.), 448, 56g, 14g, 24g, 0mg, 1088mg, 8g, 11g
2014-9-20, Dinner, Dr. Pepper - Soda 12 Oz. 1 Can (12 fl oz), 150, 40g, 0g, 0g, 0mg, 55mg, 40g, 0g
2014-9-20, Dinner, Morning Star Farms - Veggie Sausage Links 2 links(45g), 80, 3g, 3g, 9g, 0mg, 300mg, 0g, 2g
2014-9-20, Snacks, Laughing Cow - Mini Babybel Light Semisoft Cheese 1 mini babybel (21g), 50, 0g, 3g, 6g, 15mg, 160mg, 0g, 0g
2014-9-20, Snacks, Mike and Ike - Tropical Fruit 30 g, 105, 27g, 0g, 0g, 0mg, 20mg, 19g, 0g
2014-9-21, Lunch, Eggs - Egglands Best - Large 1 egg (50g), 60, 0g, 4g, 6g, 175mg, 65mg, 0g, 0g
2014-9-21, Lunch, Sabra - Supremely Spicy Hummus 4 Tbsp, 140, 8g, 10g, 4g, 0mg, 250mg, 0g, 4g
2014-9-21, Lunch, all natural - simple lemonade 8 fl oz, 120, 30g, 0g, 0g, 0mg, 0mg, 28g, 0g
2014-9-21, Lunch, Amy's - Indian Vegetable Korma 1 Entree, 310, 41g, 12g, 9g, 0mg, 680mg, 7g, 7g
2014-9-21, Dinner, Dr. Pepper - Cherry Dr. Pepper- 12 oz Can 12 oz, 160, 43g, 0g, 0g, 0mg, 60mg, 41g, 0g
2014-9-21, Dinner, Morningstar Farms - Sausage Links 2 links (45g), 80, 3g, 3g, 9g, 0mg, 300mg, 0g, 2g
2014-9-21, Dinner, Strawberries - Raw 6 large (1-3/8" dia), 35, 8g, 0g, 1g, 0mg, 1mg, 5g, 2g
2014-9-21, Dinner, Blueberries - Raw 0.5 cup, 41, 11g, 0g, 1g, 0mg, 1mg, 7g, 2g
2014-9-21, Dinner, Power Bar - Fruit and Nuts 1.58 oz., 210, 21g, 10g, 10g, 0mg, 220mg, 9g, 2g
2014-9-21, Snacks, Laughing Cow - Mini Babybel Light Semisoft Cheese 1 mini babybel (21g), 50, 0g, 3g, 6g, 15mg, 160mg, 0g, 0g
2014-9-22, Breakfast, Blueberries - Raw 0.5 cup, 41, 11g, 0g, 1g, 0mg, 1mg, 7g, 2g
2014-9-22, Breakfast, Strawberries - Raw 6 large (1-3/8" dia), 35, 8g, 0g, 1g, 0mg, 1mg, 5g, 2g
2014-9-22, Breakfast, Power Bar - Fruit and Nuts 1.58 oz., 210, 21g, 10g, 10g, 0mg, 220mg, 9g, 2g
2014-9-22, Breakfast, Heb - Grapefruit Juice Rio Red Not From Concentrate 12 oz, 150, 33g, 0g, 2g, 0mg, 0mg, 33g, 0g
2014-9-22, Lunch, Quaker - Life Cinnamon Cereal 2 Cup (32g), 320, 67g, 4g, 8g, 0mg, 400mg, 21g, 5g
2014-9-22, Lunch, HEB Reduced Fat Milk 2% 1/2 Gallon - 2% Milk 1.5 cup, 180, 17g, 8g, 12g, 30mg, 150mg, 17g, 0g
2014-9-22, Lunch, Planters - Select - Cashews Almonds & Pecans With Sea Salt 1 oz, 170, 7g, 15g, 5g, 0mg, 60mg, 1g, 2g
2014-9-22, Lunch, Vanilla Coke- 12oz Can - Soda 1 can, 150, 42g, 0g, 0g, 0mg, 35mg, 42g, 0g
2014-9-22, Dinner, Amy's - Organic Chili Spicy 1 container (1.6 cup (260 g) ea.), 448, 56g, 14g, 24g, 0mg, 1088mg, 8g, 11g
2014-9-22, Dinner, Eggs - Egglands Best - Large 2 egg (50g), 120, 0g, 8g, 12g, 350mg, 130mg, 0g, 0g
2014-9-22, Dinner, Heb - Grapefruit Juice Rio Red Not From Concentrate 4 oz, 50, 11g, 0g, 1g, 0mg, 0mg, 11g, 0g
2014-9-22, Dinner, Laughing Cow - Mini Babybel Light Semisoft Cheese 1 mini babybel (21g), 50, 0g, 3g, 6g, 15mg, 160mg, 0g, 0g
2014-9-22, Snacks, Blueberries - Raw 0.5 cup, 41, 11g, 0g, 1g, 0mg, 1mg, 7g, 2g
2014-9-23, Breakfast, Dr. Pepper - Dr. Pepper Ten 6 oz. (1 can), 5, 2g, 0g, 0g, 0mg, 30mg, 1g, 0g
2014-9-23, Lunch, Tom's Tabooley - Falafel Wrap /w Hummus & Tabooley Approx 1 falafel wrap, 550, 0g, 16g, 22g, 0mg, 1700mg, 0g, 0g
2014-9-23, Lunch, the Green Cart - Lo Pan's Delight Veggie Wrap 1 wrap, 376, 40g, 6g, 13g, 0mg, 643mg, 6g, 11g
2014-9-23, Dinner, Morningstar Farms - Sausage Links 2 links (45g), 80, 3g, 3g, 9g, 0mg, 300mg, 0g, 2g
2014-9-23, Dinner, Heb - Grapefruit Juice Rio Red Not From Concentrate 8 oz, 100, 22g, 0g, 1g, 0mg, 0mg, 22g, 0g
2014-9-23, Dinner, Vitafusion - Multivites 3 chews, 23, 5g, 0g, 0g, 0mg, 0mg, 5g, 0g
2014-9-23, Dinner, Power Bar - Fruit and Nuts 1.58 oz., 210, 21g, 10g, 10g, 0mg, 220mg, 9g, 2g
2014-9-23, Dinner, Heb - Grapefruit Juice Rio Red Not From Concentrate 8 oz, 100, 22g, 0g, 1g, 0mg, 0mg, 22g, 0g
2014-9-23, Dinner, Amy's - Organic Cheddar Cheese Beans and Rice Burrito 1 Burrito (156 g), 260, 37g, 8g, 9g, 5mg, 430mg, 3g, 5g
2014-9-24, Breakfast, Small - Banana 4 oz without skin, 89, 23g, 0g, 1g, 0mg, 1mg, 12g, 3g
2014-9-24, Breakfast, Fruit Salad - Mixed Berry Fruit Salad 1 cup, 70, 16g, 1g, 2g, 0mg, 2mg, 8g, 7g
2014-9-24, Lunch, Marie Callendar's Restaurant - Meatloaf Sandwich 1 sandwich, 870, 51g, 58g, 38g, 135mg, 1170mg, 3g, 3g
2014-9-24, Lunch, Paul's - Pulled Pork Slider 2 slider, 640, 70g, 28g, 8g, 0mg, 746mg, 0g, 6g
2014-9-24, Dinner, Morrison - Small Garden Salad 1 each, 40, 5g, 2g, 1g, 0mg, 23mg, 3g, 1g
2014-9-24, Dinner, Homemade - Pan-fried Salmon 3 oz, 185, 0g, 13g, 17g, 99mg, 72mg, 0g, 0g
2014-9-24, Dinner, Beef - Roast Beef 4 oz, 300, 0g, 20g, 30g, 80mg, 20mg, 0g, 0g
2014-9-24, Dinner, Turkey breast meat 100 g, 104, 4g, 2g, 17g, 43mg, 1015mg, 4g, 1g
2014-9-24, Dinner, Fruit Salad - Mixed Berry Fruit Salad 1 cup, 70, 16g, 1g, 2g, 0mg, 2mg, 8g, 7g
2014-9-24, Dinner, Cake - Chocolate with chocolate frosting 1 piece (1/8 of 18 oz cake), 235, 35g, 10g, 3g, 27mg, 214mg, 0g, 2g
2014-9-24, Dinner, Pie - Pecan 1 oz, 117, 15g, 6g, 1g, 25mg, 74mg, 0g, 0g
2014-9-24, Dinner, Generic - Egg Bread (Challah) 2 slices, 150, 27g, 3g, 5g, 10mg, 240mg, 4g, 1g
2014-9-25, Breakfast, Bread - Raisin toasted enriched 3 oz, 252, 48g, 4g, 7g, 0mg, 360mg, 5g, 4g
2014-9-25, Breakfast, Bread - Rye 2 slice, 166, 31g, 2g, 5g, 0mg, 422mg, 0g, 4g
2014-9-25, Breakfast, Shari's - Eggs Benedict With Hashbrowns 1 order, 810, 61g, 46g, 34g, 365mg, 0mg, 8g, 4g
2014-9-25, Lunch, Pizza Hut - Garden Side Salad 1 salad, 90, 13g, 4g, 4g, 10mg, 170mg, 4g, 2g
2014-9-25, Lunch, Pickles - Cucumber dill 3 large (4" long), 73, 17g, 1g, 3g, 0mg, 5192mg, 14g, 5g
2014-9-25, Lunch, Coca Cola - 8 Fl oz Soda  12 fl oz, 150, 41g, 0g, 0g, 0mg, 45mg, 41g, 0g
2014-9-25, Lunch, Restaurant - Corned Beef Reuben 0.5 sandwich, 310, 19g, 20g, 15g, 63mg, 1165mg, 0g, 2g
2014-9-25, Lunch, Salad dressing - Italian dressing fat-free 2 tbsp, 13, 2g, 0g, 0g, 1mg, 316mg, 2g, 0g
2014-9-25, Dinner, Pickles - Cucumber dill 2 large (4" long), 49, 11g, 1g, 2g, 0mg, 3461mg, 9g, 3g
2014-9-25, Dinner, Coca Cola - Coca Cola - Classic 1 Can, 140, 39g, 0g, 0g, 0mg, 45mg, 39g, 0g
2014-9-25, Dinner, Restaurant - Corned Beef Reuben 0.75 sandwich, 465, 29g, 30g, 22g, 94mg, 1748mg, 0g, 3g
2014-9-25, Snacks, Sun-maid - California Organic Raisins (Grams) 50 grams, 163, 39g, 0g, 1g, 0mg, 13mg, 36g, 3g
2014-9-25, Snacks, Mike and Ike - Tropical Fruit 40.0 g, 140, 36g, 0g, 0g, 0mg, 27mg, 25g, 0g
2014-9-26, Breakfast, Trader Joe's - Orange Juice - 100% Pure Florida Orange Juice Not From Concentrate 16 oz, 220, 50g, 0g, 4g, 0mg, 0mg, 42g, 0g
2014-9-26, Lunch, HEB Reduced Fat Milk 2% 1/2 Gallon - 2% Milk 1 cup, 120, 11g, 5g, 8g, 20mg, 100mg, 11g, 0g
2014-9-26, Lunch, Trader Joe - Maple Pecan Granola ("Just the Clusters") 2 cup, 750, 114g, 30g, 15g, 0mg, 210mg, 45g, 9g
2014-9-26, Dinner, Kirkland Olive Oil - Pure Olive Oil 2 tbsp, 250, 0g, 28g, 0g, 0mg, 0mg, 0g, 0g
2014-9-26, Dinner, Eggs - Egglands Best - Large 4 egg (50g), 240, 0g, 16g, 24g, 700mg, 260mg, 0g, 0g
2014-9-26, Dinner, Trader Joe's - Orange Juice - 100% Pure Florida Orange Juice Not From Concentrate 8 oz, 110, 25g, 0g, 2g, 0mg, 0mg, 21g, 0g
2014-9-26, Dinner, Brie - Brie 50 g, 160, 0g, 13g, 10g, 0mg, 0mg, 0g, 0g
2014-9-26, Snacks, Sun-maid - California Organic Raisins (Grams) 50 grams, 163, 39g, 0g, 1g, 0mg, 13mg, 36g, 3g
2014-9-26, Snacks, Mike and Ike - Tropical Fruit 40.0 g, 140, 36g, 0g, 0g, 0mg, 27mg, 25g, 0g
2014-9-27, Breakfast, Cookies - Peanut butter soft-type 1 oz, 129, 16g, 7g, 1g, 0mg, 95mg, 0g, 0g
2014-9-27, Breakfast, Coca Cola - 8 Fl oz Soda  12 fl oz, 150, 41g, 0g, 0g, 0mg, 45mg, 41g, 0g
2014-9-27, Lunch, Qdoba - Qdoba Veggie Burrito 0.75 Burrito, 664, 107g, 17g, 20g, 0mg, 1901mg, 6g, 19g
2014-9-27, Lunch, Dominos - Veggie Pizza-large 2 slice, 520, 68g, 18g, 20g, 40mg, 1060mg, 6g, 4g
2014-9-27, Dinner, Balsamic Vinaigrette Salad Dressing - Balsamic Vinaigrette 1 oz, 50, 3g, 5g, 0g, 0mg, 280mg, 3g, 0g
2014-9-27, Dinner, Eurest - Brussels Sprouts and Balsamic 3/4 cup, 76, 8g, 4g, 3g, 0mg, 74mg, 2g, 3g
2014-9-27, Dinner, Trader Joe - Maple Pecan Granola ("Just the Clusters") 1 cup, 375, 57g, 15g, 7g, 0mg, 105mg, 22g, 4g
2014-9-27, Dinner, HEB Reduced Fat Milk 2% 1/2 Gallon - 2% Milk 1.5 cup, 180, 17g, 8g, 12g, 30mg, 150mg, 17g, 0g
2014-9-27, Dinner, Salata - Mixed Greens - Salad 2 cup, 100, 2g, 0g, 1g, 0mg, 16mg, 0g, 1g
2014-9-28, Breakfast, Trader Joe - Maple Pecan Granola ("Just the Clusters") 1 cup, 375, 57g, 15g, 7g, 0mg, 105mg, 22g, 4g
2014-9-28, Breakfast, HEB Reduced Fat Milk 2% 1/2 Gallon - 2% Milk 0.5 cup, 60, 6g, 3g, 4g, 10mg, 50mg, 6g, 0g
2014-9-28, Dinner, Qdoba - Qdoba Veggie Burrito 0.25 Burrito, 221, 36g, 6g, 7g, 0mg, 634mg, 2g, 6g
2014-9-28, Dinner, Qdoba Flour Totilla - Cheese Quesadilla 1 quesadilla, 790, 58g, 46g, 40g, 120mg, 1660mg, 6g, 4g
2014-9-29, Lunch, Dr Pepper - 20oz (591ml) 5 oz, 63, 17g, 0g, 0g, 0mg, 25mg, 16g, 0g
2014-9-29, Lunch, Eurest - Vegetable Mozzarella Sandwich 1 sandwich, 727, 76g, 36g, 26g, 45mg, 1134mg, 7g, 8g
2014-9-29, Lunch, Spring Lettuce - Side Salad (Lettuce and Tomatoes) 1 serving, 50, 10g, 0g, 2g, 0mg, 15mg, 2g, 3g
2014-9-29, Dinner, Eurest - Dilled Cucumber Salad 0.25 cup, 14, 1g, 1g, 0g, 3mg, 42mg, 1g, 0g
2014-9-29, Dinner, Outtakes - Mixed Vegetable Salad 0.5 each, 75, 6g, 4g, 3g, 10mg, 411mg, 3g, 2g
2014-9-29, Dinner, Trader Joe's - Indian Fare Punjab Choley 0.33 Package, 140, 18g, 5g, 5g, 0mg, 407mg, 0g, 4g
2014-9-29, Dinner, Generic - Stir-Fry Vegetables 0.33 cup, 12, 2g, 0g, 0g, 0mg, 8mg, 1g, 1g
2014-9-29, Dinner, Safeway Select - Chocolate Moose Tracks Alaskan Classics Ice Cream 1.5 cup, 570, 57g, 36g, 9g, 75mg, 165mg, 45g, 3g
2014-9-29, Dinner, Cake - Chocolate with chocolate frosting 0.5 piece (1/8 of 18 oz cake), 117, 17g, 5g, 1g, 13mg, 107mg, 0g, 1g
2014-9-29, Dinner, Potato - New Red Potato With Skin 12 oz (small 170g), 240, 54g, 0g, 6g, 0mg, 62mg, 4g, 6g
2014-9-29, Snacks, Mike and Ike - Tropical Fruit 40.0 g, 140, 36g, 0g, 0g, 0mg, 27mg, 25g, 0g
2014-9-29, Snacks, Nature Valley - Sweet & Salty Nut - Peanut 35 g, 170, 20g, 9g, 4g, 0mg, 140mg, 12g, 2g
2014-9-30, Breakfast, Trader Joe's - Indian Fare Punjab Choley 0.33 Package, 140, 18g, 5g, 5g, 0mg, 407mg, 0g, 4g
2014-9-30, Breakfast, Generic - Deviled Eggs 2 filled half egg, 140, 2g, 12g, 6g, 180mg, 150mg, 0g, 0g
2014-9-30, Breakfast, Dr Pepper - 20oz (591ml) 15 oz, 188, 50g, 0g, 0g, 0mg, 75mg, 48g, 0g
2014-9-30, Breakfast, Potato - New Red Potato With Skin 12 oz (small 170g), 240, 54g, 0g, 6g, 0mg, 62mg, 4g, 6g
2014-9-30, Lunch, Dominos - Veggie Pizza-large 3.5 slice, 910, 119g, 32g, 35g, 70mg, 1855mg, 11g, 7g
2014-9-30, Dinner, Potato - Potato - Mashed 1/2 cup, 120, 16g, 4g, 5g, 16mg, 100mg, 8g, 1g
2014-9-30, Dinner, Steamed - Peas 6 oz., 89, 16g, 0g, 6g, 0mg, 80mg, 5g, 6g
2014-9-30, Dinner, Beef - Roast Beef 2 oz, 150, 0g, 10g, 15g, 40mg, 10mg, 0g, 0g
2014-10-1, Breakfast, Coca Cola - Coca Cola - Classic 1 Can, 140, 39g, 0g, 0g, 0mg, 45mg, 39g, 0g
2014-10-1, Breakfast, Generic - Deviled Eggs 2 filled half egg, 140, 2g, 12g, 6g, 180mg, 150mg, 0g, 0g
2014-10-1, Lunch, Kwik Trip - Medium Banana 1 banana, 105, 27g, 0g, 1g, 0mg, 1mg, 14g, 3g
2014-10-1, Lunch, Pizza Hut - Garden Side Salad 1 salad, 90, 13g, 4g, 4g, 10mg, 170mg, 4g, 2g
2014-10-1, Lunch, All Seasons - Honey Mustard Salad Dressing 2 Tbsp, 80, 7g, 6g, 0g, 5mg, 260mg, 7g, 0g
2014-10-1, Dinner, 365 Organic - White Corn Tortilla Chips 22.5 chips, 195, 33g, 8g, 3g, 0mg, 75mg, 0g, 3g
2014-10-1, Dinner, Potatoes - Mashed home-prepared whole milk and butter added 0.5 cup, 119, 18g, 4g, 2g, 12mg, 333mg, 1g, 2g
2014-10-1, Dinner, School Lunch - Brie and Cranberry Sandwich 0.13 Sandich, 57, 6g, 3g, 3g, 0mg, 0mg, 0g, 0g
2014-10-1, Dinner, Homemade - Roasted Cauliflower & Garlic 1 (158g), 126, 10g, 9g, 3g, 0mg, 431mg, 3g, 4g
2014-10-1, Dinner, (Homemade) - Popover 1 popover, 120, 17g, 3g, 6g, 74mg, 238mg, 2g, 0g
2014-10-1, Dinner, 365 Organic - Vegetable Broth 1 cup, 10, 1g, 0g, 0g, 0mg, 610mg, 0g, 0g
2014-10-1, Dinner, Swad - Mint Chutney 0.67 tbsp, 5, 1g, 0g, 0g, 0mg, 163mg, 0g, 0g
2014-10-1, Dinner, Cake - Chocolate with chocolate frosting 1 piece (1/8 of 18 oz cake), 235, 35g, 10g, 3g, 27mg, 214mg, 0g, 2g
2014-10-1, Dinner, Miller - lite 1 can, 96, 3g, 0g, 0g, 0mg, 0mg, 0g, 0g
2014-10-1, Dinner, Home Made - Vegetarian Chili 0.5 cup, 70, 12g, 1g, 5g, 0mg, 0mg, 0g, 0g
2014-10-2, Breakfast, Coca Cola - Coca Cola - Classic 1 Can, 140, 39g, 0g, 0g, 0mg, 45mg, 39g, 0g
2014-10-2, Lunch, Eurest - Vegetable Mozzarella Sandwich 0.5 sandwich, 363, 38g, 18g, 13g, 22mg, 567mg, 4g, 4g
2014-10-2, Dinner, Carrots - Raw 1.5 cup chopped, 79, 18g, 0g, 2g, 0mg, 132mg, 9g, 5g
2014-10-2, Dinner, Southwest Airlines - Plane Peanuts 1 bag ( 12 g), 70, 2g, 6g, 3g, 0mg, 95mg, 0g, 1g
2014-10-2, Dinner, Southwest Airlines - Plane Crackers 1 bag (21g), 90, 16g, 3g, 1g, 0mg, 200mg, 2g, 0g
2014-10-2, Dinner, Quest Bar - Peanut Butter and Jelly 1 bar, 200, 21g, 10g, 20g, 4mg, 320mg, 2g, 17g
2014-10-2, Dinner, all natural - simple lemonade 10 fl oz, 150, 38g, 0g, 0g, 0mg, 0mg, 35g, 0g
2014-10-2, Dinner, Generic - Noodle Kugel 6 " square, 348, 54g, 12g, 12g, 147mg, 105mg, 12g, 2g
2014-10-2, Dinner, Eurest - Dilled Cucumber Salad 1 cup, 58, 4g, 4g, 1g, 11mg, 169mg, 2g, 1g
2014-10-2, Snacks, Planters - Select - Cashews Almonds & Pecans With Sea Salt 1 oz, 170, 7g, 15g, 5g, 0mg, 60mg, 1g, 2g
2014-10-2, Snacks, Dr. Pepper - Cherry Dr. Pepper- 12 oz Can 12 oz, 160, 43g, 0g, 0g, 0mg, 60mg, 41g, 0g
2014-10-3, Breakfast, Questbar protein bar - apple pie flavor 1 bar, 180, 25g, 5g, 20g, 5mg, 330mg, 4g, 18g
2014-10-3, Breakfast, all natural - simple lemonade 16 fl oz, 240, 60g, 0g, 0g, 0mg, 0mg, 56g, 0g
2014-10-3, Breakfast, Costco Vita Fusion - Calcium 500 Mg Gummy Vitamins for Adults 2 pieces, 30, 7g, 0g, 0g, 0mg, 15mg, 6g, 0g
2014-10-3, Breakfast, Fairhaven Health - Fertilaid for Men 3 capsules, 0, 0g, 0g, 0g, 0mg, 0mg, 0g, 0g
2014-10-3, Lunch, Dr. Pepper - Cherry Dr. Pepper- 12 oz Can 12 oz, 160, 43g, 0g, 0g, 0mg, 60mg, 41g, 0g
2014-10-3, Lunch, Laughing Cow - Mini Babybel Light Semisoft Cheese 2 mini babybel (21g), 100, 0g, 6g, 12g, 30mg, 320mg, 0g, 0g
2014-10-3, Lunch, Sabra - Supremely Spicy Hummus 3 Tbsp, 105, 6g, 8g, 3g, 0mg, 188mg, 0g, 3g
2014-10-3, Lunch, Kronos - Pita 2 pita, 440, 76g, 7g, 14g, 0mg, 840mg, 2g, 4g
2014-10-3, Dinner, Smart Ones - Santa Fe 1 Package, 290, 50g, 6g, 9g, 5mg, 430mg, 5g, 4g
2014-10-3, Dinner, Morning Star Farms - Veggie Sausage Links 2 links(45g), 80, 3g, 3g, 9g, 0mg, 300mg, 0g, 2g
2014-10-3, Dinner, all natural - simple lemonade 8 fl oz, 120, 30g, 0g, 0g, 0mg, 0mg, 28g, 0g
2014-10-3, Snacks, Quest - Protein Bar Chocolate Peanut Butter 1 bar (60 g), 160, 25g, 5g, 20g, 5mg, 240mg, 2g, 17g
2014-10-3, Snacks, Planters - Select - Cashews Almonds & Pecans With Sea Salt 1 oz, 170, 7g, 15g, 5g, 0mg, 60mg, 1g, 2g
2014-10-3, Snacks, all natural - simple lemonade 4 fl oz, 60, 15g, 0g, 0g, 0mg, 0mg, 14g, 0g
2014-10-4, Breakfast, questbar - questbar strawberrie cheesecake srb 1 bar, 160, 21g, 5g, 20g, 5mg, 250mg, 2g, 17g
2014-10-4, Breakfast, Morning Star Farms - Veggie Sausage Links 2 links(45g), 80, 3g, 3g, 9g, 0mg, 300mg, 0g, 2g
2014-10-4, Breakfast, Kwik Trip - Medium Banana 1 banana, 105, 27g, 0g, 1g, 0mg, 1mg, 14g, 3g
2014-10-4, Breakfast, Grapes - Green Seedless Angela 0.5 cup, 30, 14g, 0g, 1g, 0mg, 2mg, 12g, 1g
2014-10-4, Breakfast, Fairhaven Health - Fertilaid for Men 3 capsules, 0, 0g, 0g, 0g, 0mg, 0mg, 0g, 0g
2014-10-4, Breakfast, Costco Vita Fusion - Calcium 500 Mg Gummy Vitamins for Adults 2 pieces, 30, 7g, 0g, 0g, 0mg, 15mg, 6g, 0g
2014-10-4, Breakfast, all natural - simple lemonade 8 fl oz, 120, 30g, 0g, 0g, 0mg, 0mg, 28g, 0g
2014-10-4, Lunch, Quaker - Life Cinnamon Cereal 2 Cup (32g), 320, 67g, 4g, 8g, 0mg, 400mg, 21g, 5g
2014-10-4, Lunch, Kwik Trip - Medium Banana 1 banana, 105, 27g, 0g, 1g, 0mg, 1mg, 14g, 3g
2014-10-4, Lunch, Laughing Cow - Mini Babybel Light Semisoft Cheese 1 mini babybel (21g), 50, 0g, 3g, 6g, 15mg, 160mg, 0g, 0g
2014-10-4, Lunch, HEB Reduced Fat Milk 2% 1/2 Gallon - 2% Milk 1 cup, 120, 11g, 5g, 8g, 20mg, 100mg, 11g, 0g
2014-10-4, Dinner, Quest Protein Bar - Chocolate Brownie 1 bar, 170, 24g, 6g, 20g, 5mg, 310mg, 1g, 19g
2014-10-4, Dinner, Grapes - Green Seedless Angela 1.5 cup, 90, 42g, 1g, 2g, 0mg, 5mg, 36g, 2g
2014-10-4, Dinner, Amy's - Pad Thai - Gluten Free and Dairy Free 1 Frozen Entree, 420, 76g, 9g, 10g, 0mg, 780mg, 22g, 3g
2014-10-4, Snacks, Mike and Ike - Tropical Fruit 20.0 g, 70, 18g, 0g, 0g, 0mg, 13mg, 13g, 0g
2014-10-4, Snacks, Sabra - Supremely Spicy Hummus 1 Tbsp, 35, 2g, 3g, 1g, 0mg, 63mg, 0g, 1g
2014-10-4, Snacks, Kronos - Pita 0.33 pita, 73, 13g, 1g, 2g, 0mg, 140mg, 0g, 1g
2014-10-4, Snacks, Planters - Select - Cashews Almonds & Pecans With Sea Salt 1 oz, 170, 7g, 15g, 5g, 0mg, 60mg, 1g, 2g
2014-10-5, Breakfast, Dr. Pepper - Cherry Dr. Pepper- 12 oz Can 12 oz, 160, 43g, 0g, 0g, 0mg, 60mg, 41g, 0g
2014-10-5, Breakfast, Kwik Trip - Medium Banana 1 banana, 105, 27g, 0g, 1g, 0mg, 1mg, 14g, 3g
2014-10-5, Breakfast, Fairhaven Health - Fertilaid for Men 3 capsules, 0, 0g, 0g, 0g, 0mg, 0mg, 0g, 0g
2014-10-5, Breakfast, Costco Vita Fusion - Calcium 500 Mg Gummy Vitamins for Adults 2 pieces, 30, 7g, 0g, 0g, 0mg, 15mg, 6g, 0g
2014-10-5, Breakfast, Quest - Protein Bar Chocolate Peanut Butter 1 bar (60 g), 160, 25g, 5g, 20g, 5mg, 240mg, 2g, 17g
2014-10-5, Lunch, Spring Lettuce - Side Salad (Lettuce and Tomatoes) 1 serving, 50, 10g, 0g, 2g, 0mg, 15mg, 2g, 3g
2014-10-5, Lunch, All Seasons - Honey Mustard Salad Dressing 2 Tbsp, 80, 7g, 6g, 0g, 5mg, 260mg, 7g, 0g
2014-10-5, Lunch, Butter - 1 Pat - Dairy 0.5 pat, 18, 0g, 2g, 0g, 5mg, 14mg, 0g, 0g
2014-10-5, Lunch, Allrecipe - Yellow Squash Casserole 0.5 cup, 98, 5g, 7g, 3g, 37mg, 232mg, 1g, 1g
2014-10-5, Lunch, Homemade - Fried Okra 0.5 cup, 87, 7g, 6g, 1g, 3mg, 61mg, 1g, 1g
2014-10-5, Lunch, Kroger - Jumbo Buttermilk Biscuit 0.5 biscuit, 90, 13g, 4g, 2g, 0mg, 275mg, 3g, 1g
2014-10-5, Lunch, Eurest - Cheese Grits 6 floz, 266, 51g, 4g, 7g, 8mg, 230mg, 0g, 3g
2014-10-5, Lunch, Homemade - Jalapeno Cornbread 1 slice, 180, 32g, 4g, 6g, 4mg, 261mg, 11g, 2g
2014-10-5, Dinner, Kwik Trip - Medium Banana 1 banana, 105, 27g, 0g, 1g, 0mg, 1mg, 14g, 3g
2014-10-5, Dinner, all natural - simple lemonade 14 fl oz, 210, 53g, 0g, 0g, 0mg, 0mg, 49g, 0g
2014-10-5, Dinner, Laughing Cow - Mini Babybel Light Semisoft Cheese 1 mini babybel (21g), 50, 0g, 3g, 6g, 15mg, 160mg, 0g, 0g
2014-10-5, Dinner, Mike and Ike - Tropical Fruit 40.0 g, 140, 36g, 0g, 0g, 0mg, 27mg, 25g, 0g
2014-10-5, Snacks, Grapes - Green Seedless Angela 0.5 cup, 30, 14g, 0g, 1g, 0mg, 2mg, 12g, 1g
2014-10-6, Breakfast, Fairhaven Health - Fertilaid for Men 3 capsules, 0, 0g, 0g, 0g, 0mg, 0mg, 0g, 0g
2014-10-6, Breakfast, Costco Vita Fusion - Calcium 500 Mg Gummy Vitamins for Adults 2 pieces, 30, 7g, 0g, 0g, 0mg, 15mg, 6g, 0g
2014-10-6, Breakfast, Planters - Select - Cashews Almonds & Pecans With Sea Salt 1 oz, 170, 7g, 15g, 5g, 0mg, 60mg, 1g, 2g
2014-10-6, Breakfast, Dr. Pepper - Cherry Dr. Pepper- 12 oz Can 12 oz, 160, 43g, 0g, 0g, 0mg, 60mg, 41g, 0g
2014-10-6, Breakfast, General Mills Cereal - Raisin Nut Bran 1.5 Cup (49g), 360, 80g, 6g, 6g, 0mg, 460mg, 28g, 10g
2014-10-6, Breakfast, Heb - Fat Free Milk 0.67 cup, 53, 8g, 0g, 5g, 3mg, 70mg, 8g, 0g
2014-10-6, Lunch, Quest Protein Bar - Cinnamon Roll 1 bar (60g), 170, 25g, 6g, 20g, 5mg, 280mg, 1g, 17g
2014-10-6, Lunch, Kwik Trip - Medium Banana 1 banana, 105, 27g, 0g, 1g, 0mg, 1mg, 14g, 3g
2014-10-6, Lunch, Mike and Ike - Tropical Fruit 20.0 g, 70, 18g, 0g, 0g, 0mg, 13mg, 13g, 0g
2014-10-6, Dinner, Homemade - Fried Okra 0.5 cup, 87, 7g, 6g, 1g, 3mg, 61mg, 1g, 1g
2014-10-6, Dinner, Kroger - Jumbo Buttermilk Biscuit 0.5 biscuit, 90, 13g, 4g, 2g, 0mg, 275mg, 3g, 1g
2014-10-6, Dinner, Planters - Select - Cashews Almonds & Pecans With Sea Salt 1 oz, 170, 7g, 15g, 5g, 0mg, 60mg, 1g, 2g
2014-10-6, Dinner, Dr. Pepper - Cherry Dr. Pepper- 12 oz Can 12 oz, 160, 43g, 0g, 0g, 0mg, 60mg, 41g, 0g
2014-10-6, Dinner, Eurest - Cheese Grits 3 floz, 133, 25g, 2g, 3g, 4mg, 115mg, 0g, 1g
2014-10-6, Dinner, Allrecipe - Yellow Squash Casserole 0.5 cup, 98, 5g, 7g, 3g, 37mg, 232mg, 1g, 1g
2014-10-6, Snacks, Mike and Ike - Tropical Fruit 20.0 g, 70, 18g, 0g, 0g, 0mg, 13mg, 13g, 0g
2014-10-7, Breakfast, Vitafusion - Multivites 3 chews, 23, 5g, 0g, 0g, 0mg, 0mg, 5g, 0g
2014-10-7, Breakfast, questbar - questbar strawberrie cheesecake srb 1 bar, 160, 21g, 5g, 20g, 5mg, 250mg, 2g, 17g
2014-10-7, Breakfast, Costco Vita Fusion - Calcium 500 Mg Gummy Vitamins for Adults 2 pieces, 30, 7g, 0g, 0g, 0mg, 15mg, 6g, 0g
2014-10-7, Lunch, Black Bean Soup Goya - Black Bean Soup 2 cup, 480, 76g, 10g, 28g, 0mg, 1840mg, 4g, 20g
2014-10-7, Lunch, Kwik Trip - Medium Banana 1 banana, 105, 27g, 0g, 1g, 0mg, 1mg, 14g, 3g
2014-10-7, Dinner, Blueberries - Raw 0.75 cup, 62, 16g, 0g, 1g, 0mg, 1mg, 11g, 3g
2014-10-7, Dinner, Dr. Pepper - Cherry Dr. Pepper- 12 oz Can 12 oz, 160, 43g, 0g, 0g, 0mg, 60mg, 41g, 0g
2014-10-7, Dinner, Amy's - Organic Cheddar Cheese Beans and Rice Burrito 1 Burrito (156 g), 260, 37g, 8g, 9g, 5mg, 430mg, 3g, 5g
2014-10-7, Dinner, Planters - Select - Cashews Almonds & Pecans With Sea Salt 1 oz, 170, 7g, 15g, 5g, 0mg, 60mg, 1g, 2g
2014-10-7, Dinner, Dr. oz the Good Life - Kale and Cabbage Slaw 0.33 Cup, 37, 4g, 2g, 2g, 0mg, 96mg, 1g, 1g
2014-10-7, Snacks, Quest - Protein Bar Chocolate Peanut Butter 1 bar (60 g), 160, 25g, 5g, 20g, 5mg, 240mg, 2g, 17g
2014-10-8, Breakfast, Costco Vita Fusion - Calcium 500 Mg Gummy Vitamins for Adults 2 pieces, 30, 7g, 0g, 0g, 0mg, 15mg, 6g, 0g
2014-10-8, Breakfast, Quest Protein Bar - Chocolate Brownie 1 bar, 170, 24g, 6g, 20g, 5mg, 310mg, 1g, 19g
2014-10-8, Breakfast, Planters - Select - Cashews Almonds & Pecans With Sea Salt 1 oz, 170, 7g, 15g, 5g, 0mg, 60mg, 1g, 2g
2014-10-8, Breakfast, Peppermint - Hard Candy 1 pieces, 5, 5g, 0g, 0g, 0mg, 3mg, 3g, 0g
2014-10-8, Breakfast, all natural - simple lemonade 12 fl oz, 180, 45g, 0g, 0g, 0mg, 0mg, 42g, 0g
2014-10-8, Breakfast, Fairhaven Health - Fertilaid for Men 3 capsules, 0, 0g, 0g, 0g, 0mg, 0mg, 0g, 0g
2014-10-8, Lunch, Blue Moon - Belgian White 12 oz, 171, 14g, 0g, 3g, 0mg, 17mg, 0g, 0g
2014-10-8, Lunch, Emanu - Injera Ethipoian Bread 24 " diameter, 346, 76g, 2g, 11g, 0mg, 508mg, 0g, 3g
2014-10-8, Lunch, Aladdin Food - Ethiopian Lentil Salad 2 oz, 77, 10g, 3g, 4g, 0mg, 205mg, 1g, 4g
2014-10-8, Lunch, Neomonde - Ratatouille (Stewed Eggplant) 0.25 Cup, 36, 3g, 3g, 1g, 0mg, 102mg, 2g, 1g
2014-10-8, Lunch, Makeda - Atakilt Wat 183.32 g, 68, 15g, 0g, 2g, 0mg, 61mg, 5g, 3g
2014-10-8, Lunch, Generic - Kik Alicha 0.25 cup cooked, 58, 11g, 1g, 0g, 0mg, 0mg, 0g, 0g
2014-10-8, Lunch, Appetite for Reduction - Ye'abesha Gomen - Stewed & Sauteed Collards 0.25 recipe, 90, 14g, 2g, 6g, 0mg, 310mg, 3g, 7g
2014-10-8, Lunch, Dr Pepper - 20 oz Bottle 1 bottle, 250, 66g, 0g, 0g, 0mg, 100mg, 64g, 0g
2014-10-8, Dinner, Dr. oz the Good Life - Kale and Cabbage Slaw 0.25 Cup, 28, 3g, 2g, 1g, 0mg, 72mg, 1g, 1g
2014-10-8, Dinner, all natural - simple lemonade 6 fl oz, 90, 23g, 0g, 0g, 0mg, 0mg, 21g, 0g
2014-10-8, Dinner, Laughing Cow - Mini Babybel Light Semisoft Cheese 1 mini babybel (21g), 50, 0g, 3g, 6g, 15mg, 160mg, 0g, 0g
2014-10-8, Dinner, Morning Star Farms - Veggie Sausage Links 2 links(45g), 80, 3g, 3g, 9g, 0mg, 300mg, 0g, 2g
2014-10-9, Breakfast, QuestBar - Protein Bar Peanut Butter Jelly 1 bar, 200, 21g, 10g, 20g, 4mg, 320mg, 2g, 17g
2014-10-9, Breakfast, all natural - simple lemonade 10 fl oz, 150, 38g, 0g, 0g, 0mg, 0mg, 35g, 0g
2014-10-9, Breakfast, Fairhaven Health - Fertilaid for Men 3 capsules, 0, 0g, 0g, 0g, 0mg, 0mg, 0g, 0g
2014-10-9, Breakfast, Costco Vita Fusion - Calcium 500 Mg Gummy Vitamins for Adults 2 pieces, 30, 7g, 0g, 0g, 0mg, 15mg, 6g, 0g
2014-10-9, Lunch, the Green Cart - Lo Pan's Delight Veggie Wrap 1 wrap, 376, 40g, 6g, 13g, 0mg, 643mg, 6g, 11g
2014-10-9, Lunch, Kwik Trip - Medium Banana 1 banana, 105, 27g, 0g, 1g, 0mg, 1mg, 14g, 3g
2014-10-9, Lunch, Coca-Cola Company - Mexican Coke 500ml 500 ml, 200, 53g, 0g, 0g, 0mg, 12mg, 53g, 0g
2014-10-9, Dinner, Black Bean Soup Goya - Black Bean Soup 2 cup, 480, 76g, 10g, 28g, 0mg, 1840mg, 4g, 20g
2014-10-9, Dinner, Aladdin Food - Ethiopian Lentil Salad 1.33 oz, 51, 7g, 2g, 3g, 0mg, 137mg, 0g, 3g
2014-10-9, Dinner, Makeda - Atakilt Wat 137.5 g, 51, 12g, 0g, 2g, 0mg, 46mg, 4g, 2g
2014-10-9, Dinner, Emanu - Injera Ethipoian Bread 6 " diameter, 87, 19g, 1g, 3g, 0mg, 127mg, 0g, 1g
2014-10-9, Dinner, Tomato - Tomato 0.25 whole medium, 4, 1g, 0g, 0g, 0mg, 5mg, 1g, 0g
2014-10-9, Dinner, Dr. Pepper - Cherry Dr. Pepper- 12 oz Can 12 oz, 160, 43g, 0g, 0g, 0mg, 60mg, 41g, 0g
2014-10-9, Dinner, Strawberries - Raw 2 medium (1-1/4" dia), 8, 2g, 0g, 0g, 0mg, 0mg, 1g, 0g
2014-10-9, Dinner, Mike and Ike - Tropical Fruit 20.0 g, 70, 18g, 0g, 0g, 0mg, 13mg, 13g, 0g
2014-10-10, Breakfast, Fairhaven Health - Fertilaid for Men 3 capsules, 0, 0g, 0g, 0g, 0mg, 0mg, 0g, 0g
2014-10-10, Breakfast, Quest - Protein Bar Chocolate Peanut Butter 1 bar (60 g), 160, 25g, 5g, 20g, 5mg, 240mg, 2g, 17g
2014-10-10, Breakfast, Costco Vita Fusion - Calcium 500 Mg Gummy Vitamins for Adults 3 pieces, 45, 11g, 0g, 0g, 0mg, 23mg, 9g, 0g
2014-10-10, Breakfast, all natural - simple lemonade 10 fl oz, 150, 38g, 0g, 0g, 0mg, 0mg, 35g, 0g
2014-10-10, Lunch, Dr. Pepper - Cherry Dr. Pepper- 12 oz Can 12 oz, 160, 43g, 0g, 0g, 0mg, 60mg, 41g, 0g
2014-10-10, Lunch, Food Network - Vegetarian Ribollita 1.5 cups, 174, 24g, 7g, 5g, 0mg, 1298mg, 6g, 8g
2014-10-10, Lunch, New England - Large Honeycrisp Apple 10 oz, 130, 34g, 0g, 0g, 0mg, 0mg, 25g, 5g
2014-10-10, Lunch, Quest Bar - Strawberry Cheesecake 1 bar, 160, 26g, 5g, 20g, 5mg, 250mg, 2g, 17g
2014-10-10, Lunch, Mike and Ike - Tropical Fruit 20.0 g, 70, 18g, 0g, 0g, 0mg, 13mg, 13g, 0g
2014-10-10, Lunch, Laughing Cow - Mini Babybel Light Semisoft Cheese 2 mini babybel (21g), 100, 0g, 6g, 12g, 30mg, 320mg, 0g, 0g
2014-10-10, Dinner, Claussen - Kosher Dill Wholes 84 g (1/3 pickle), 15, 3g, 0g, 0g, 0mg, 990mg, 0g, 0g
2014-10-10, Dinner, Kangaroo - Pita Pocket Bread - Simply White 1 1/2 pita 1 pocket, 270, 57g, 3g, 9g, 0mg, 480mg, 3g, 3g
2014-10-10, Dinner, Dr. Pepper - Cherry Dr. Pepper- 12 oz Can 12 oz, 160, 43g, 0g, 0g, 0mg, 60mg, 41g, 0g
2014-10-10, Dinner, Morning Star Farms - Veggie Sausage Links 2 links(45g), 80, 3g, 3g, 9g, 0mg, 300mg, 0g, 2g
2014-10-10, Dinner, Strawberries - Raw 8 medium (1-1/4" dia), 31, 7g, 0g, 1g, 0mg, 1mg, 4g, 2g
2014-10-10, Dinner, Sabra - Supremely Spicy Hummus 5 Tbsp, 175, 10g, 13g, 5g, 0mg, 313mg, 0g, 5g
2014-10-10, Dinner, Tomato - Tomato 0.25 whole medium, 4, 1g, 0g, 0g, 0mg, 5mg, 1g, 0g
2014-10-11, Breakfast, Costco Vita Fusion - Calcium 500 Mg Gummy Vitamins for Adults 2 pieces, 30, 7g, 0g, 0g, 0mg, 15mg, 6g, 0g
2014-10-11, Breakfast, Quest - Protein Bar Chocolate Peanut Butter 1 bar (60 g), 160, 25g, 5g, 20g, 5mg, 240mg, 2g, 17g
2014-10-11, Breakfast, Heb - Fat Free Milk 1.33 cup, 107, 16g, 0g, 11g, 7mg, 140mg, 16g, 0g
2014-10-11, Breakfast, General Mills Cereal - Raisin Nut Bran 2 Cup (49g), 480, 107g, 8g, 8g, 0mg, 613mg, 37g, 13g
2014-10-11, Breakfast, Fairhaven Health - Fertilaid for Men 3 capsules, 0, 0g, 0g, 0g, 0mg, 0mg, 0g, 0g
2014-10-11, Lunch, all natural - simple lemonade 2.67 fl oz, 40, 10g, 0g, 0g, 0mg, 0mg, 9g, 0g
2014-10-11, Lunch, Carrots - Baby-cut 3 oz (85g), 35, 8g, 0g, 1g, 0mg, 65mg, 5g, 2g
2014-10-11, Lunch, Tomato - Tomato 0.25 whole medium, 4, 1g, 0g, 0g, 0mg, 5mg, 1g, 0g
2014-10-11, Lunch, Claussen - Kosher Dill Wholes 56 g (1/3 pickle), 10, 2g, 0g, 0g, 0mg, 660mg, 0g, 0g
2014-10-11, Lunch, Kangaroo - Pita Pocket Bread - Simply White 1 pita 1 pocket, 180, 38g, 2g, 6g, 0mg, 320mg, 2g, 2g
2014-10-11, Lunch, Sabra - Supremely Spicy Hummus 3 Tbsp, 105, 6g, 8g, 3g, 0mg, 188mg, 0g, 3g
2014-10-11, Lunch, Dr. Pepper - Cherry Dr. Pepper- 12 oz Can 12 oz, 160, 43g, 0g, 0g, 0mg, 60mg, 41g, 0g
2014-10-11, Dinner, Claussen - Kosher Dill Wholes 28 g (1/3 pickle), 5, 1g, 0g, 0g, 0mg, 330mg, 0g, 0g
2014-10-11, Dinner, Tomato - Tomato 0.13 whole medium, 2, 0g, 0g, 0g, 0mg, 2mg, 0g, 0g
2014-10-11, Dinner, Sun-maid - California Organic Raisins (Grams) 80 grams, 260, 62g, 0g, 2g, 0mg, 20mg, 58g, 4g
2014-10-11, Dinner, Egg - Hard Boiled Eggs 2 Egg, 140, 1g, 10g, 12g, 370mg, 140mg, 1g, 0g
2014-10-11, Dinner, Food Network - Vegetarian Ribollita 1.5 cups, 174, 24g, 7g, 5g, 0mg, 1298mg, 6g, 8g
2014-10-11, Dinner, Dr. Pepper - Cherry Dr. Pepper- 12 oz Can 12 oz, 160, 43g, 0g, 0g, 0mg, 60mg, 41g, 0g
2014-10-11, Dinner, Sabra - Supremely Spicy Hummus 1.5 Tbsp, 53, 3g, 4g, 2g, 0mg, 94mg, 0g, 2g
2014-10-11, Dinner, Kangaroo - Pita Pocket Bread - Simply White 1/2 pita 1 pocket, 90, 19g, 1g, 3g, 0mg, 160mg, 1g, 1g
2014-10-12, Breakfast, Quest - Protein Bar Chocolate Peanut Butter 1 bar (60 g), 160, 25g, 5g, 20g, 5mg, 240mg, 2g, 17g
2014-10-12, Breakfast, Laughing Cow - Mini Babybel Light Semisoft Cheese 1 mini babybel (21g), 50, 0g, 3g, 6g, 15mg, 160mg, 0g, 0g
2014-10-12, Breakfast, Costco Vita Fusion - Calcium 500 Mg Gummy Vitamins for Adults 2 pieces, 30, 7g, 0g, 0g, 0mg, 15mg, 6g, 0g
2014-10-12, Breakfast, Fairhaven Health - Fertilaid for Men 3 capsules, 0, 0g, 0g, 0g, 0mg, 0mg, 0g, 0g
2014-10-12, Lunch, Eggs - Egglands Best - Large 3 egg (50g), 180, 0g, 12g, 18g, 525mg, 195mg, 0g, 0g
2014-10-12, Lunch, Buitoni - Pesto With Basil All Natural 1/12 Cup (62g), 90, 1g, 9g, 2g, 5mg, 127mg, 1g, 0g
2014-10-12, Lunch, Carrots - Baby-cut 3 oz (85g), 35, 8g, 0g, 1g, 0mg, 65mg, 5g, 2g
2014-10-12, Lunch, Pepperidge Farm - Pumpernickel Bread 64 g (1 slice), 160, 30g, 2g, 6g, 0mg, 380mg, 2g, 2g
2014-10-12, Lunch, Dr. Pepper - Cherry Dr. Pepper- 12 oz Can 12 oz, 160, 43g, 0g, 0g, 0mg, 60mg, 41g, 0g
2014-10-12, Dinner, all natural - simple lemonade 6 fl oz, 90, 23g, 0g, 0g, 0mg, 0mg, 21g, 0g
2014-10-12, Dinner, General Mills Cereal - Raisin Nut Bran 2 Cup (49g), 480, 107g, 8g, 8g, 0mg, 613mg, 37g, 13g
2014-10-12, Dinner, Heb - Fat Free Milk 1.25 cup, 100, 15g, 0g, 10g, 6mg, 131mg, 15g, 0g
2014-10-13, Breakfast, Quest Bar - Peanut Butter and Jelly 1 bar, 200, 21g, 10g, 20g, 4mg, 320mg, 2g, 17g
2014-10-13, Breakfast, Egg - Hard Boiled Eggs 2 Egg, 140, 1g, 10g, 12g, 370mg, 140mg, 1g, 0g
2014-10-13, Breakfast, Buitoni - Pesto With Basil All Natural 1/12 Cup (62g), 90, 1g, 9g, 2g, 5mg, 127mg, 1g, 0g
2014-10-13, Breakfast, Heb - Grapefruit Juice Rio Red Not From Concentrate 10 oz, 125, 28g, 0g, 1g, 0mg, 0mg, 28g, 0g
2014-10-13, Breakfast, Costco Vita Fusion - Calcium 500 Mg Gummy Vitamins for Adults 2 pieces, 30, 7g, 0g, 0g, 0mg, 15mg, 6g, 0g
2014-10-13, Breakfast, Fairhaven Health - Fertilaid for Men 3 capsules, 0, 0g, 0g, 0g, 0mg, 0mg, 0g, 0g
2014-10-13, Lunch, Bethel - Korean Barbeque Sauce 2.5 tbsp, 68, 8g, 3g, 0g, 0mg, 475mg, 0g, 0g
2014-10-13, Lunch, Homemade - Grilled Tofu Cubes 0.75 cup, 141, 2g, 8g, 15g, 0mg, 300mg, 0g, 2g
2014-10-13, Lunch, Dr Pepper - Cherry Soda 1 bottle, 260, 71g, 0g, 0g, 0mg, 100mg, 69g, 0g
2014-10-13, Lunch, Generic Bi Bim Bap - Korean Mixed Rice Dish 586 g, 643, 88g, 20g, 24g, 265mg, 376mg, 2g, 3g
2014-10-13, Lunch, Eggs - Fried (whole egg) 1 large, 92, 0g, 7g, 6g, 210mg, 94mg, 0g, 0g
2014-10-13, Dinner, Ihop - Spinach and Mushroom Omlette With Hollandaise Sauce 0.33 Omlette, 303, 8g, 23g, 16g, 277mg, 523mg, 2g, 2g
2014-10-13, Dinner, Ihop - Hash Browns 0.5 portion, 140, 13g, 10g, 1g, 0mg, 190mg, 1g, 1g
2014-10-13, Snacks, Carrots - Baby-cut 3 oz (85g), 35, 8g, 0g, 1g, 0mg, 65mg, 5g, 2g
2014-10-14, Breakfast, Costco Vita Fusion - Calcium 500 Mg Gummy Vitamins for Adults 2 pieces, 30, 7g, 0g, 0g, 0mg, 15mg, 6g, 0g
2014-10-14, Breakfast, Quest - Protein Bar Chocolate Peanut Butter 1 bar (60 g), 160, 25g, 5g, 20g, 5mg, 240mg, 2g, 17g
2014-10-14, Breakfast, Heb - Grapefruit Juice Rio Red Not From Concentrate 10 oz, 125, 28g, 0g, 1g, 0mg, 0mg, 28g, 0g
2014-10-14, Breakfast, Fairhaven Health - Fertilaid for Men 3 capsules, 0, 0g, 0g, 0g, 0mg, 0mg, 0g, 0g
2014-10-14, Lunch, Amy's - Organic Chili Spicy 1 container (1.6 cup (260 g) ea.), 448, 56g, 14g, 24g, 0mg, 1088mg, 8g, 11g
2014-10-14, Lunch, Egg - Hard Boiled Eggs 2 Egg, 140, 1g, 10g, 12g, 370mg, 140mg, 1g, 0g
2014-10-14, Lunch, Pepperidge Farm - Pumpernickel Bread 32 g (1 slice), 80, 15g, 1g, 3g, 0mg, 190mg, 1g, 1g
2014-10-14, Lunch, Buitoni - Pesto With Basil All Natural 1/12 Cup (62g), 90, 1g, 9g, 2g, 5mg, 127mg, 1g, 0g
2014-10-14, Lunch, Heb - Grapefruit Juice Rio Red Not From Concentrate 10 oz, 125, 28g, 0g, 1g, 0mg, 0mg, 28g, 0g
2014-10-14, Dinner, Claussen - Kosher Dill Wholes 84 g (1/3 pickle), 15, 3g, 0g, 0g, 0mg, 990mg, 0g, 0g
2014-10-14, Dinner, Sabra - Supremely Spicy Hummus 3 Tbsp, 105, 6g, 8g, 3g, 0mg, 188mg, 0g, 3g
2014-10-14, Dinner, Dr. Pepper - Dr. Pepper Ten 12 oz. (1 can), 10, 3g, 0g, 0g, 0mg, 60mg, 2g, 0g
2014-10-14, Dinner, Laughing Cow - Mini Babybel Light Semisoft Cheese 1 mini babybel (21g), 50, 0g, 3g, 6g, 15mg, 160mg, 0g, 0g
2014-10-14, Dinner, Carrots - Baby-cut 3 oz (85g), 35, 8g, 0g, 1g, 0mg, 65mg, 5g, 2g
2014-10-14, Dinner, Kangaroo - Pita Pocket Bread - Simply White 1 pita 1 pocket, 180, 38g, 2g, 6g, 0mg, 320mg, 2g, 2g
2014-10-14, Dinner, Tomato - Tomato 0.13 whole medium, 2, 0g, 0g, 0g, 0mg, 2mg, 0g, 0g
2014-10-14, Snacks, Mike and Ike - Tropical Fruit 20.0 g, 70, 18g, 0g, 0g, 0mg, 13mg, 13g, 0g
2014-10-15, Breakfast, Costco Vita Fusion - Calcium 500 Mg Gummy Vitamins for Adults 2 pieces, 30, 7g, 0g, 0g, 0mg, 15mg, 6g, 0g
2014-10-15, Breakfast, Fairhaven Health - Fertilaid for Men 3 capsules, 0, 0g, 0g, 0g, 0mg, 0mg, 0g, 0g
2014-10-15, Breakfast, Egg - Hard Boiled Eggs 1 Egg, 70, 1g, 5g, 6g, 185mg, 70mg, 1g, 0g
2014-10-15, Breakfast, Sabra - Supremely Spicy Hummus 1 Tbsp, 35, 2g, 3g, 1g, 0mg, 63mg, 0g, 1g
2014-10-15, Breakfast, Pepperidge Farm - Pumpernickel Bread 64 g (1 slice), 160, 30g, 2g, 6g, 0mg, 380mg, 2g, 2g
2014-10-15, Breakfast, Dr. Pepper - Cherry Dr. Pepper- 12 oz Can 12 oz, 160, 43g, 0g, 0g, 0mg, 60mg, 41g, 0g
2014-10-15, Breakfast, Coca Cola - Coca Cola - Classic 0.33 Can, 47, 13g, 0g, 0g, 0mg, 15mg, 13g, 0g
2014-10-15, Breakfast, Southwest Airlines - Plane Peanuts 1 bag ( 12 g), 70, 2g, 6g, 3g, 0mg, 95mg, 0g, 1g
2014-10-15, Breakfast, Southwest Airlines - Salted Pretzels 1 Pack (12g), 45, 9g, 1g, 1g, 0mg, 140mg, 0g, 0g
2014-10-15, Breakfast, Quest Bar - Peanut Butter and Jelly 1 bar, 200, 21g, 10g, 20g, 4mg, 320mg, 2g, 17g
2014-10-15, Lunch, Outtakes - Garden Salad (Large) 1 serving(s), 48, 12g, 0g, 2g, 0mg, 15mg, 4g, 3g
2014-10-15, Lunch, Blue Moon - Belgian White 12 oz, 171, 14g, 0g, 3g, 0mg, 17mg, 0g, 0g
2014-10-15, Lunch, Papa John's - Buffalo Wings 1 wings, 80, 1g, 6g, 7g, 25mg, 535mg, 1g, 0g
2014-10-15, Dinner, Pork - Fresh shoulder whole cooked roasted 1 cup diced, 394, 0g, 29g, 31g, 122mg, 92mg, 0g, 0g
2014-10-15, Dinner, Duck - Meat and skin cooked roasted 1 cup chopped or diced, 472, 0g, 40g, 27g, 118mg, 83mg, 0g, 0g
2014-10-15, Dinner, Aladdin - Egg Drop Soup 6 oz, 42, 6g, 1g, 3g, 26mg, 617mg, 0g, 1g
2014-10-15, Dinner, Chinese - Steamed Pork Dumplings 5 Dumpling, 205, 20g, 5g, 22g, 90mg, 805mg, 1g, 1g
2014-10-15, Dinner, Bakery - Cannoli 1 filled shell, 374, 44g, 17g, 10g, 0mg, 88mg, 34g, 1g
2014-10-15, Dinner, Strawberry - Chocolate Covered 2 berry, 96, 14g, 4g, 1g, 0mg, 0mg, 10g, 2g
2014-10-16, Breakfast, Dole - Red Seedless Grapes 12.5 grapes, 38, 29g, 0g, 1g, 0mg, 0mg, 25g, 1g
2014-10-16, Breakfast, Eurest - Sausage and Egg Muffin 1 sandwich, 473, 27g, 31g, 21g, 241mg, 844mg, 3g, 2g
2014-10-16, Breakfast, Fairhaven Health - Fertilaid for Men 3 capsules, 0, 0g, 0g, 0g, 0mg, 0mg, 0g, 0g
2014-10-16, Breakfast, Dr Pepper - 20oz (591ml) 15 oz, 188, 50g, 0g, 0g, 0mg, 75mg, 48g, 0g
2014-10-16, Breakfast, Costco Vita Fusion - Calcium 500 Mg Gummy Vitamins for Adults 2 pieces, 30, 7g, 0g, 0g, 0mg, 15mg, 6g, 0g
2014-10-16, Breakfast, Sainsbury's - Sweet Melon Slices 1.5 Slices, 38, 9g, 0g, 1g, 0mg, 0mg, 0g, 0g
2014-10-16, Lunch, Krinos - Kalamata Olives 10 olives (15g), 90, 4g, 8g, 0g, 0mg, 460mg, 0g, 0g
2014-10-16, Lunch, Cheese - Goat soft type 1 oz, 76, 0g, 6g, 5g, 13mg, 104mg, 0g, 0g
2014-10-16, Lunch, Eurest - Roasted Vegetables 1 1/2 cup, 141, 17g, 8g, 3g, 0mg, 196mg, 9g, 5g
2014-10-16, Dinner, Eurest - Israeli Couscous Salad 1/2 cup, 167, 21g, 8g, 4g, 5mg, 268mg, 2g, 3g
2014-10-16, Dinner, Conservative typical nutrition - Calorie Adjustment 200 calories, 200, 27g, 8g, 7g, 50mg, 300mg, 8g, 4g
2014-10-16, Dinner, Spring Lettuce - Side Salad (Lettuce and Tomatoes) 1 serving, 50, 10g, 0g, 2g, 0mg, 15mg, 2g, 3g
2014-10-16, Snacks, Dr Pepper - 20oz (591ml) 15 oz, 188, 50g, 0g, 0g, 0mg, 75mg, 48g, 0g
2014-10-17, Breakfast, Pita Sandwich - Pita Egg & Cheese Pocket 1 pocket, 150, 12g, 8g, 8g, 90mg, 490mg, 1g, 1g
2014-10-17, Breakfast, Orange juice drink 0.5 cup, 66, 17g, 0g, 0g, 0mg, 2mg, 16g, 0g
2014-10-17, Breakfast, Pepsi - Pepsi ~ 20 oz 20 oz, 250, 69g, 0g, 0g, 0mg, 55mg, 69g, 0g
2014-10-17, Lunch, Wegmans - Triple Chocolate Mousse Cake 28 grams, 110, 0g, 2g, 1g, 10mg, 50mg, 9g, 13g
2014-10-17, Lunch, Eggs - Scrambled (whole egg) 1 cup, 365, 5g, 27g, 24g, 774mg, 616mg, 4g, 0g
2014-10-17, Lunch, Applebee's - Fried Red Potatoes 1 serving, 150, 20g, 5g, 4g, 0mg, 190mg, 0g, 3g
2014-10-17, Dinner, Generic - Egg Cream - Chocolate 10 oz, 210, 37g, 3g, 10g, 39mg, 145mg, 32g, 0g
2014-10-17, Dinner, Frozen yogurts - Vanilla soft-serve 0.75 cup, 176, 26g, 6g, 4g, 2mg, 94mg, 26g, 0g
2014-10-17, Dinner, Dr Pepper - 20oz (591ml) 15 oz, 188, 50g, 0g, 0g, 0mg, 75mg, 48g, 0g
2014-10-17, Dinner, Restaurant Associates - Pastrami Reuben 0.75 sandwich, 415, 30g, 22g, 24g, 76mg, 1398mg, 6g, 4g
2014-10-17, Dinner, Pickles - Cucumber dill 2 large (4" long), 49, 11g, 1g, 2g, 0mg, 3461mg, 9g, 3g
2014-10-18, Breakfast, Lorna Doone - Shortbread Cookies 6 cookies (28g), 210, 30g, 11g, 2g, 0mg, 225mg, 9g, 0g
2014-10-18, Breakfast, Restaurant Associates - Pastrami Reuben 0.75 sandwich, 415, 30g, 22g, 24g, 76mg, 1398mg, 6g, 4g
2014-10-18, Breakfast, Costco Vita Fusion - Calcium 500 Mg Gummy Vitamins for Adults 2 pieces, 30, 7g, 0g, 0g, 0mg, 15mg, 6g, 0g
2014-10-18, Breakfast, Fairhaven Health - Fertilaid for Men 3 capsules, 0, 0g, 0g, 0g, 0mg, 0mg, 0g, 0g
2014-10-18, Breakfast, Quest - Protein Bar Chocolate Peanut Butter 1 bar (60 g), 160, 25g, 5g, 20g, 5mg, 240mg, 2g, 17g
2014-10-18, Breakfast, Kwik Trip - Medium Banana 1 banana, 105, 27g, 0g, 1g, 0mg, 1mg, 14g, 3g
2014-10-18, Lunch, Raspberries - Raw 3.33 raspberries, 3, 1g, 0g, 0g, 0mg, 0mg, 0g, 0g
2014-10-18, Lunch, Raw - Blueberries 0.5 oz, 8, 2g, 0g, 0g, 0mg, 0mg, 1g, 0g
2014-10-18, Lunch, Kwik Trip - Medium Banana 1 banana, 105, 27g, 0g, 1g, 0mg, 1mg, 14g, 3g
2014-10-18, Lunch, Morning Star Farms - Veggie Sausage Links 4 links(45g), 160, 6g, 6g, 18g, 0mg, 600mg, 0g, 4g
2014-10-18, Lunch, Grapes - Green Seedless Angela 0.25 cup, 15, 7g, 0g, 0g, 0mg, 1mg, 6g, 0g
2014-10-18, Lunch, Amy's - Cheese Enchilada Dinner 1 entree, 370, 41g, 15g, 17g, 30mg, 680mg, 6g, 9g
2014-10-18, Lunch, Dr. Pepper - Cherry Dr. Pepper- 12 oz Can 12 oz, 160, 43g, 0g, 0g, 0mg, 60mg, 41g, 0g
2014-10-18, Lunch, Driscoll - Blackberry 3 berrys, 6, 0g, 0g, 0g, 0mg, 0mg, 0g, 0g
2014-10-19, Breakfast, Costco Vita Fusion - Calcium 500 Mg Gummy Vitamins for Adults 2 pieces, 30, 7g, 0g, 0g, 0mg, 15mg, 6g, 0g
2014-10-19, Breakfast, Fairhaven Health - Fertilaid for Men 3 capsules, 0, 0g, 0g, 0g, 0mg, 0mg, 0g, 0g
2014-10-19, Breakfast, Babybel - Mini Original Cheese 1 Piece (20g), 70, 0g, 6g, 5g, 20mg, 160mg, 0g, 0g
2014-10-19, Breakfast, Bananas - Raw 1 medium (7" to 7-7/8" long), 105, 27g, 0g, 1g, 0mg, 1mg, 14g, 3g
2014-10-19, Breakfast, all natural - simple lemonade 9.92 fl oz, 149, 37g, 0g, 0g, 0mg, 0mg, 35g, 0g
2014-10-19, Lunch, Buitoni - Pesto With Basil All Natural 0.0625 Cup (62g), 68, 1g, 7g, 2g, 4mg, 95mg, 1g, 0g
2014-10-19, Lunch, Pepperidge Farm - Pumpernickel Bread 64 g (1 slice), 160, 30g, 2g, 6g, 0mg, 380mg, 2g, 2g
2014-10-19, Lunch, HEB Reduced Fat Milk 2% 1/2 Gallon - 2% Milk 1.25 cup, 150, 14g, 6g, 10g, 25mg, 125mg, 14g, 0g
2014-10-19, Lunch, Eggs - Hard-boiled (whole egg) 3 large, 233, 2g, 16g, 19g, 636mg, 186mg, 2g, 0g
2014-10-19, Lunch, Bananas - Raw 1 medium (7" to 7-7/8" long), 105, 27g, 0g, 1g, 0mg, 1mg, 14g, 3g
2014-10-19, Lunch, Quest - Protein Bar Chocolate Peanut Butter 1 bar (60 g), 160, 25g, 5g, 20g, 5mg, 240mg, 2g, 17g
2014-10-19, Lunch, Grapes - Green Seedless Angela 0.76 cup, 46, 21g, 0g, 1g, 0mg, 2mg, 18g, 1g
2014-10-19, Dinner, Mike and Ike - Tropical Fruit 20.0 g, 70, 18g, 0g, 0g, 0mg, 13mg, 13g, 0g
2014-10-19, Dinner, Morningstar Farms - Sausage Links 2 links (45g), 80, 3g, 3g, 9g, 0mg, 300mg, 0g, 2g
2014-10-19, Dinner, Smart Ones - Santa Fe 1 Package, 290, 50g, 6g, 9g, 5mg, 430mg, 5g, 4g
2014-10-19, Dinner, Grapes - Green Seedless Angela 1 cup, 60, 28g, 0g, 1g, 0mg, 3mg, 24g, 1g
2014-10-19, Dinner, Beans - Snap green raw 0.81 cup, 28, 6g, 0g, 2g, 0mg, 5mg, 1g, 3g
2014-10-19, Snacks, Raspberries - Raw 0.33 cup, 21, 5g, 0g, 0g, 0mg, 0mg, 2g, 3g
2014-10-19, Snacks, Blackberries - Raw 0.33 cup, 21, 5g, 0g, 1g, 0mg, 0mg, 2g, 3g
2014-10-19, Snacks, Babybel - Mini Original Cheese 1 Piece (20g), 70, 0g, 6g, 5g, 20mg, 160mg, 0g, 0g
2014-10-19, Snacks, Carrots - Baby-cut 3 oz (85g), 35, 8g, 0g, 1g, 0mg, 65mg, 5g, 2g
2014-10-19, Snacks, Blueberries - Raw 0.33 cup, 28, 7g, 0g, 0g, 0mg, 0mg, 5g, 1g
2014-10-20, Breakfast, Costco Vita Fusion - Calcium 500 Mg Gummy Vitamins for Adults 2 pieces, 30, 7g, 0g, 0g, 0mg, 15mg, 6g, 0g
2014-10-20, Breakfast, Fairhaven Health - Fertilaid for Men 3 capsules, 0, 0g, 0g, 0g, 0mg, 0mg, 0g, 0g
2014-10-20, Breakfast, Babybel - Mini Original Cheese 1 Piece (20g), 70, 0g, 6g, 5g, 20mg, 160mg, 0g, 0g
2014-10-20, Breakfast, Quest Protein Bar - Chocolate Brownie 1 bar, 170, 24g, 6g, 20g, 5mg, 310mg, 1g, 19g
2014-10-20, Breakfast, Grapes - Green Seedless Angela 1 cup, 60, 28g, 0g, 1g, 0mg, 3mg, 24g, 1g
2014-10-20, Lunch, Quest - Protein Bar Chocolate Peanut Butter 1 bar (60 g), 160, 25g, 5g, 20g, 5mg, 240mg, 2g, 17g
2014-10-20, Lunch, Bananas - Raw 1 medium (7" to 7-7/8" long), 105, 27g, 0g, 1g, 0mg, 1mg, 14g, 3g
2014-10-20, Lunch, Pita Jungle - Falafel 1 pita, 620, 75g, 28g, 21g, 0mg, 1490mg, 7g, 11g
2014-10-20, Dinner, Claussen - Kosher Dill Wholes 84 g (1/3 pickle), 15, 3g, 0g, 0g, 0mg, 990mg, 0g, 0g
2014-10-20, Dinner, Beans - Snap green raw 0.67 cup, 23, 5g, 0g, 1g, 0mg, 4mg, 1g, 2g
2014-10-20, Dinner, HEB Reduced Fat Milk 2% 1/2 Gallon - 2% Milk 2 cup, 240, 22g, 10g, 16g, 40mg, 200mg, 22g, 0g
2014-10-20, Dinner, all natural - simple lemonade 10 fl oz, 150, 38g, 0g, 0g, 0mg, 0mg, 35g, 0g
2014-10-20, Dinner, Bananas - Raw 1 medium (7" to 7-7/8" long), 105, 27g, 0g, 1g, 0mg, 1mg, 14g, 3g
2014-10-20, Dinner, Grapes - Green Seedless Angela 1.25 cup, 75, 35g, 1g, 1g, 0mg, 4mg, 30g, 2g
2014-10-21, Breakfast, HEB Reduced Fat Milk 2% 1/2 Gallon - 2% Milk 1 cup, 120, 11g, 5g, 8g, 20mg, 100mg, 11g, 0g
2014-10-21, Breakfast, Quaker - Life Cinnamon Cereal 2 Cup (32g), 320, 67g, 4g, 8g, 0mg, 400mg, 21g, 5g
2014-10-21, Breakfast, Costco Vita Fusion - Calcium 500 Mg Gummy Vitamins for Adults 3 pieces, 45, 11g, 0g, 0g, 0mg, 23mg, 9g, 0g
2014-10-21, Breakfast, Fairhaven Health - Fertilaid for Men 3 capsules, 0, 0g, 0g, 0g, 0mg, 0mg, 0g, 0g
2014-10-21, Breakfast, all natural - simple lemonade 6 fl oz, 90, 23g, 0g, 0g, 0mg, 0mg, 21g, 0g
2014-10-21, Lunch, Egg - Hard Boiled Eggs 2 Egg, 140, 1g, 10g, 12g, 370mg, 140mg, 1g, 0g
2014-10-21, Lunch, Amy's Bowls - Mexican Casserole 1 entree (269g), 380, 48g, 16g, 12g, 20mg, 780mg, 4g, 8g
2014-10-21, Dinner, Blueberries - Raw 0.33 cup, 28, 7g, 0g, 0g, 0mg, 0mg, 5g, 1g
2014-10-21, Dinner, Beans - Snap green raw 100 g, 31, 7g, 0g, 2g, 0mg, 6mg, 1g, 3g
2014-10-21, Dinner, Planters - Deluxe Mixed Nuts: Now With California Pistachios 56 grams, 340, 14g, 28g, 10g, 0mg, 160mg, 2g, 4g
2014-10-21, Dinner, Dr. Pepper - Cherry Dr. Pepper- 12 oz Can 12 oz, 160, 43g, 0g, 0g, 0mg, 60mg, 41g, 0g
2014-10-21, Dinner, all natural - simple lemonade 6 fl oz, 90, 23g, 0g, 0g, 0mg, 0mg, 21g, 0g
2014-10-21, Dinner, Planters - Walnut Pieces (Donna) 42 g (1oz/About 16 Pieces), 285, 6g, 27g, 6g, 0mg, 0mg, 1g, 3g
2014-10-21, Dinner, Nordic Naturals - Ultimate Omega 2 soft gels, 18, 0g, 2g, 0g, 0mg, 0mg, 0g, 0g
2014-10-21, Dinner, Blackberries - Raw 0.33 cup, 21, 5g, 0g, 1g, 0mg, 0mg, 2g, 3g
2014-10-21, Dinner, Raspberries - Raw 0.33 cup, 21, 5g, 0g, 0g, 0mg, 0mg, 2g, 3g
2014-10-22, Breakfast, Nordic Naturals - Ultimate Omega 2 soft gels, 18, 0g, 2g, 0g, 0mg, 0mg, 0g, 0g
2014-10-22, Breakfast, Costco Vita Fusion - Calcium 500 Mg Gummy Vitamins for Adults 2 pieces, 30, 7g, 0g, 0g, 0mg, 15mg, 6g, 0g
2014-10-22, Breakfast, Quest Nutrition - Quest Bar - Mixed Berry Bliss 1 bar  (60g), 200, 22g, 8g, 20g, 5mg, 310mg, 2g, 18g
2014-10-22, Breakfast, Fairhaven Health - Fertilaid for Men 3 capsules, 0, 0g, 0g, 0g, 0mg, 0mg, 0g, 0g
2014-10-22, Breakfast, all natural - simple lemonade 6.08 fl oz, 91, 23g, 0g, 0g, 0mg, 0mg, 21g, 0g
2014-10-22, Lunch, Generic - Guacamole Medium 3 Tbsp, 68, 3g, 7g, 2g, 0mg, 180mg, 0g, 2g
2014-10-22, Lunch, Qdoba - Grilled Veggie Tacos 1 tacos, 160, 15g, 9g, 7g, 0mg, 248mg, 1g, 0g
2014-10-22, Lunch, Eggs - Fried (whole egg) 2 large, 185, 1g, 14g, 13g, 420mg, 188mg, 1g, 0g
2014-10-22, Lunch, Mission - Taco (w/ spinach) 1/2 cup, 192, 44g, 0g, 4g, 0mg, 0mg, 7g, 1g
2014-10-22, Lunch, Tostitos - Tostitos Scoops 1.51 oz (28g/13 Chips), 211, 29g, 11g, 3g, 0mg, 181mg, 0g, 2g
2014-10-22, Dinner, Blueberries - Raw 66.67 g, 38, 10g, 0g, 0g, 0mg, 1mg, 7g, 2g
2014-10-22, Dinner, Raspberries - Raw 66.67 g, 35, 8g, 0g, 1g, 0mg, 1mg, 3g, 4g
2014-10-22, Dinner, Carrots - Fresh Raw Baby 150 grams, 62, 14g, 0g, 2g, 0mg, 115mg, 9g, 4g
2014-10-22, Dinner, Blue Moon - Belgian White 12 oz, 171, 14g, 0g, 3g, 0mg, 17mg, 0g, 0g
2014-10-22, Dinner, Dr Pepper - 20 oz Bottle 1 bottle, 250, 66g, 0g, 0g, 0mg, 100mg, 64g, 0g
2014-10-22, Dinner, Blackberries - Raw 66.6 g, 29, 6g, 0g, 1g, 0mg, 1mg, 3g, 4g
2014-10-23, Breakfast, Nordic Naturals - Ultimate Omega 2 soft gels, 18, 0g, 2g, 0g, 0mg, 0mg, 0g, 0g
2014-10-23, Breakfast, Fairhaven Health - Fertilaid for Men 3 capsules, 0, 0g, 0g, 0g, 0mg, 0mg, 0g, 0g
2014-10-23, Breakfast, Quest Bar - Strawberry Cheesecake 1 bar, 160, 26g, 5g, 20g, 5mg, 250mg, 2g, 17g
2014-10-23, Breakfast, Costco Vita Fusion - Calcium 500 Mg Gummy Vitamins for Adults 2 pieces, 30, 7g, 0g, 0g, 0mg, 15mg, 6g, 0g
2014-10-23, Lunch, Beans - Black cooked boiled with salt 0.33 cup, 76, 14g, 0g, 5g, 0mg, 136mg, 0g, 5g
2014-10-23, Lunch, Sauce - Salsa 1 tablespoon, 4, 1g, 0g, 0g, 0mg, 99mg, 1g, 0g
2014-10-23, Lunch, ARAMARK Healthcare - Vegetable Enchilada 2 each, 278, 29g, 15g, 11g, 21mg, 304mg, 11g, 6g
2014-10-23, Lunch, Azteca - Mole Sauce (for Enchilada) 1/4 cup, 70, 9g, 0g, 0g, 0mg, 170mg, 0g, 0g
2014-10-23, Lunch, Rice - Brown long-grain cooked 0.33 cup, 72, 15g, 1g, 2g, 0mg, 3mg, 0g, 1g
2014-10-23, Dinner, Sauce - Salsa 2 tablespoon, 9, 2g, 0g, 1g, 0mg, 198mg, 1g, 1g
2014-10-23, Dinner, Dr. Pepper - Soda 12 Oz. 1 Can (12 fl oz), 150, 40g, 0g, 0g, 0mg, 55mg, 40g, 0g
2014-10-23, Dinner, Babybel - Mini Original Cheese 1 Piece (20g), 70, 0g, 6g, 5g, 20mg, 160mg, 0g, 0g
2014-10-23, Dinner, HEB Reduced Fat Milk 2% 1/2 Gallon - 2% Milk 1.25 cup, 150, 14g, 6g, 10g, 25mg, 125mg, 14g, 0g
2014-10-23, Dinner, Egg - Hard Boiled Eggs 3 Egg, 210, 2g, 15g, 18g, 555mg, 210mg, 2g, 0g
2014-10-23, Dinner, all natural - simple lemonade 5.92 fl oz, 89, 22g, 0g, 0g, 0mg, 0mg, 21g, 0g
2014-10-24, Breakfast, General Mills Cereal - Raisin Nut Bran 1 7/8 Cup (49g), 450, 100g, 8g, 8g, 0mg, 575mg, 35g, 13g
2014-10-24, Breakfast, Nordic Naturals - Ultimate Omega 2 soft gels, 18, 0g, 2g, 0g, 0mg, 0mg, 0g, 0g
2014-10-24, Breakfast, Costco Vita Fusion - Calcium 500 Mg Gummy Vitamins for Adults 2 pieces, 30, 7g, 0g, 0g, 0mg, 15mg, 6g, 0g
2014-10-24, Breakfast, Fairhaven Health - Fertilaid for Men 3 capsules, 0, 0g, 0g, 0g, 0mg, 0mg, 0g, 0g
2014-10-24, Breakfast, HEB Reduced Fat Milk 2% 1/2 Gallon - 2% Milk 1 cup, 120, 11g, 5g, 8g, 20mg, 100mg, 11g, 0g
2014-10-24, Lunch, Eurest - Roasted Vegetables 0.5 cup, 47, 6g, 3g, 1g, 0mg, 65mg, 3g, 2g
2014-10-24, Lunch, Buitoni - Linguini Pasta 0.75 cups cooked, 144, 28g, 1g, 6g, 27mg, 84mg, 1g, 1g
2014-10-24, Lunch, Salata - Mixed Greens - Salad 1.5 cup, 75, 1g, 0g, 1g, 0mg, 12mg, 0g, 1g
2014-10-24, Lunch, Salad Dressing - Olive Oil + Red Wine Vinegar Dressing 1 Tbsp, 80, 0g, 9g, 0g, 0mg, 0mg, 0g, 0g
2014-10-24, Lunch, Eurest - Roasted Potatoes 1/2 cup, 101, 18g, 2g, 2g, 0mg, 200mg, 1g, 2g
2014-10-24, Lunch, Bertoli - Alfredo Sauce 0.13 cup, 55, 1g, 5g, 1g, 20mg, 205mg, 1g, 0g
2014-10-24, Dinner, Homemade - Vegetable Korma 0.25 cup, 63, 10g, 3g, 2g, 0mg, 0mg, 0g, 0g
2014-10-24, Dinner, Kitchens of India - Palak Paneer 0.25 cup, 85, 5g, 6g, 3g, 3mg, 400mg, 1g, 1g
2014-10-24, Dinner, Babybel - Mini Original Cheese 1 Piece (20g), 70, 0g, 6g, 5g, 20mg, 160mg, 0g, 0g
2014-10-24, Dinner, Homemade - Chickpea Masala (Chana Masala) 0.75 cup, 173, 26g, 2g, 5g, 0mg, 375mg, 3g, 9g
2014-10-24, Dinner, Shock Top - Apple Crisp Apple Beer 24 oz, 312, 30g, 0g, 0g, 0mg, 0mg, 0g, 0g
2014-10-24, Dinner, Mike and Ike - Tropical Fruit 20.0 g, 70, 18g, 0g, 0g, 0mg, 13mg, 13g, 0g
2014-10-24, Dinner, Dr. Pepper - Soda 12 Oz. 1 Can (12 fl oz), 150, 40g, 0g, 0g, 0mg, 55mg, 40g, 0g
2014-10-24, Dinner, Royal - Basmati Rice Cooked 1.5 cup cooked (114g), 300, 70g, 0g, 6g, 0mg, 0mg, 0g, 0g
2014-10-25, Breakfast, Costco Vita Fusion - Calcium 500 Mg Gummy Vitamins for Adults 2 pieces, 30, 7g, 0g, 0g, 0mg, 15mg, 6g, 0g
2014-10-25, Breakfast, Fairhaven Health - Fertilaid for Men 3 capsules, 0, 0g, 0g, 0g, 0mg, 0mg, 0g, 0g
2014-10-25, Breakfast, Quest - Protein Bar Chocolate Peanut Butter 1 bar (60 g), 160, 25g, 5g, 20g, 5mg, 240mg, 2g, 17g
2014-10-25, Breakfast, Nordic Naturals - Ultimate Omega 2 soft gels, 18, 0g, 2g, 0g, 0mg, 0mg, 0g, 0g
2014-10-25, Lunch, Avocados - Raw 63 g, 101, 5g, 9g, 1g, 0mg, 4mg, 0g, 4g
2014-10-25, Lunch, Spinach - Raw 78 g, 18, 3g, 0g, 2g, 0mg, 62mg, 0g, 2g
2014-10-25, Lunch, Carrots - Baby-cut 1.5 oz (85g), 18, 4g, 0g, 1g, 0mg, 33mg, 3g, 1g
2014-10-25, Lunch, Heb - Select Edamame Shelled Soybeans 0.27 cup, 65, 4g, 2g, 6g, 0mg, 3mg, 1g, 3g
2014-10-25, Lunch, Kraft - Salad Dressing Asian Toasted Sesame 1 Tbsp, 40, 4g, 3g, 1g, 0mg, 160mg, 3g, 0g
2014-10-25, Lunch, Heb - Select Edamame Shelled Soybeans 0.33 cup, 80, 5g, 3g, 8g, 0mg, 3mg, 1g, 4g
2014-10-25, Lunch, Eggs - Hard-boiled (whole egg) 1 large, 78, 1g, 5g, 6g, 212mg, 62mg, 1g, 0g
2014-10-25, Dinner, Grapes - Raw 162 g, 109, 28g, 1g, 1g, 0mg, 3mg, 26g, 1g
2014-10-25, Dinner, Heb - Select Edamame Shelled Soybeans 0.75 cup, 180, 12g, 7g, 18g, 0mg, 8mg, 3g, 9g
2014-10-25, Dinner, Bananas - Raw 1 medium (7" to 7-7/8" long), 105, 27g, 0g, 1g, 0mg, 1mg, 14g, 3g
2014-10-25, Dinner, Homemade - Vegetable Korma 0.75 cup, 188, 31g, 9g, 7g, 0mg, 0mg, 0g, 0g
2014-10-25, Dinner, Royal - Basmati Rice Cooked 0.5 cup cooked (114g), 100, 23g, 0g, 2g, 0mg, 0mg, 0g, 0g
2014-10-25, Dinner, Mike and Ike - Tropical Fruit 15 g, 53, 14g, 0g, 0g, 0mg, 10mg, 10g, 0g
2014-10-25, Dinner, Homemade - Chickpea Masala (Chana Masala) 0.5 cup, 115, 18g, 2g, 4g, 0mg, 250mg, 2g, 6g
2014-10-25, Dinner, Royal - Basmati Rice Cooked 0.25 cup cooked (114g), 50, 12g, 0g, 1g, 0mg, 0mg, 0g, 0g
2014-10-25, Dinner, Dr. Pepper - Cherry Dr. Pepper- 12 oz Can 12 oz, 160, 43g, 0g, 0g, 0mg, 60mg, 41g, 0g
2014-10-25, Snacks, Dr. Pepper - Cherry Dr. Pepper- 12 oz Can 12 oz, 160, 43g, 0g, 0g, 0mg, 60mg, 41g, 0g
2014-10-26, Breakfast, Nordic Naturals - Ultimate Omega 2 soft gels, 18, 0g, 2g, 0g, 0mg, 0mg, 0g, 0g
2014-10-26, Breakfast, Carrots - Baby-cut 1.5 oz (85g), 18, 4g, 0g, 1g, 0mg, 33mg, 3g, 1g
2014-10-26, Breakfast, Heb - Select Edamame Shelled Soybeans 0.27 cup, 65, 4g, 2g, 6g, 0mg, 3mg, 1g, 3g
2014-10-26, Breakfast, Spinach - Raw 78 g, 18, 3g, 0g, 2g, 0mg, 62mg, 0g, 2g
2014-10-26, Breakfast, Avocados - Raw 63 g, 101, 5g, 9g, 1g, 0mg, 4mg, 0g, 4g
2014-10-26, Breakfast, Eggs - Hard-boiled (whole egg) 1 large, 78, 1g, 5g, 6g, 212mg, 62mg, 1g, 0g
2014-10-26, Breakfast, Kraft - Salad Dressing Asian Toasted Sesame 2 Tbsp, 80, 7g, 6g, 1g, 0mg, 320mg, 6g, 0g
2014-10-26, Breakfast, Costco Vita Fusion - Calcium 500 Mg Gummy Vitamins for Adults 2 pieces, 30, 7g, 0g, 0g, 0mg, 15mg, 6g, 0g
2014-10-26, Breakfast, Fairhaven Health - Fertilaid for Men 3 capsules, 0, 0g, 0g, 0g, 0mg, 0mg, 0g, 0g
2014-10-26, Breakfast, Spinach - Raw 96.1 g, 22, 3g, 0g, 3g, 0mg, 76mg, 0g, 2g
2014-10-26, Breakfast, Bananas - Raw 1 medium (7" to 7-7/8" long), 105, 27g, 0g, 1g, 0mg, 1mg, 14g, 3g
2014-10-26, Lunch, Morning Star Farms - Veggie Sausage Links 2 links(45g), 80, 3g, 3g, 9g, 0mg, 300mg, 0g, 2g
2014-10-26, Lunch, Dr. Pepper - Soda 12 Oz. 1 Can (12 fl oz), 150, 40g, 0g, 0g, 0mg, 55mg, 40g, 0g
2014-10-26, Lunch, Grapes - Raw 122 g, 82, 21g, 0g, 1g, 0mg, 2mg, 20g, 1g
2014-10-26, Lunch, Bananas - Raw 1 medium (7" to 7-7/8" long), 105, 27g, 0g, 1g, 0mg, 1mg, 14g, 3g
2014-10-26, Lunch, Quest - Lemon Cream Pie 1 Bar, 160, 26g, 5g, 20g, 5mg, 250mg, 1g, 17g
2014-10-26, Dinner, Royal - Basmati Rice Cooked 0.6 cup cooked (114g), 120, 28g, 0g, 2g, 0mg, 0mg, 0g, 0g
2014-10-26, Dinner, Heb - Select Edamame Shelled Soybeans 0.5 cup, 120, 8g, 5g, 12g, 0mg, 5mg, 2g, 6g
2014-10-26, Dinner, Babybel - Mini Original Cheese 1 Piece (20g), 70, 0g, 6g, 5g, 20mg, 160mg, 0g, 0g
2014-10-26, Dinner, Mike and Ike - Tropical Fruit 30 g, 105, 27g, 0g, 0g, 0mg, 20mg, 19g, 0g
2014-10-26, Dinner, Kitchens of India - Palak Paneer 0.33 cup, 112, 6g, 8g, 4g, 3mg, 528mg, 1g, 1g
2014-10-26, Snacks, Blueberries - Raw 50 g, 29, 7g, 0g, 0g, 0mg, 1mg, 5g, 1g
2014-10-26, Snacks, Blackberries - Raw 50 g, 22, 5g, 0g, 1g, 0mg, 1mg, 2g, 3g
2014-10-26, Snacks, Raspberries - Raw 50 g, 26, 6g, 0g, 1g, 0mg, 1mg, 2g, 3g
2014-10-27, Breakfast, Fairhaven Health - Fertilaid for Men 3 capsules, 0, 0g, 0g, 0g, 0mg, 0mg, 0g, 0g
2014-10-27, Breakfast, Nordic Naturals - Ultimate Omega 2 soft gels, 18, 0g, 2g, 0g, 0mg, 0mg, 0g, 0g
2014-10-27, Breakfast, Bananas - Raw 1 medium (7" to 7-7/8" long), 105, 27g, 0g, 1g, 0mg, 1mg, 14g, 3g
2014-10-27, Breakfast, Grapes - Raw 127 g, 85, 22g, 0g, 1g, 0mg, 3mg, 21g, 1g
2014-10-27, Breakfast, Costco Vita Fusion - Calcium 500 Mg Gummy Vitamins for Adults 2 pieces, 30, 7g, 0g, 0g, 0mg, 15mg, 6g, 0g
2014-10-27, Breakfast, General Mills Cereal - Raisin Nut Bran 1 1/2 Cup (49g), 360, 80g, 6g, 6g, 0mg, 460mg, 28g, 10g
2014-10-27, Breakfast, HEB Reduced Fat Milk 2% 1/2 Gallon - 2% Milk 1.25 cup, 150, 14g, 6g, 10g, 25mg, 125mg, 14g, 0g
2014-10-27, Lunch, Babybel - Mini Original Cheese 1 Piece (20g), 70, 0g, 6g, 5g, 20mg, 160mg, 0g, 0g
2014-10-27, Lunch, Amy's - Cheese Enchilada Dinner 1 entree, 370, 41g, 15g, 17g, 30mg, 680mg, 6g, 9g
2014-10-27, Lunch, Morning Star Farms - Veggie Sausage Links 2 links(45g), 80, 3g, 3g, 9g, 0mg, 300mg, 0g, 2g
2014-10-27, Lunch, Heb - Select Edamame Shelled Soybeans 0.17 cup, 41, 3g, 2g, 4g, 0mg, 2mg, 1g, 2g
2014-10-27, Dinner, 20 oz Coke Bottle - Vanilla Coke 591 ml, 260, 70g, 0g, 0g, 0mg, 60mg, 70g, 0g
2014-10-27, Dinner, Quest Bar - Peanut Butter and Jelly 1 bar, 200, 21g, 10g, 20g, 4mg, 320mg, 2g, 17g
2014-10-28, Breakfast, Nordic Naturals - Ultimate Omega 2 soft gels, 18, 0g, 2g, 0g, 0mg, 0mg, 0g, 0g
2014-10-28, Breakfast, Quest Bar - Peanut Butter and Jelly 1 bar, 200, 21g, 10g, 20g, 4mg, 320mg, 2g, 17g
2014-10-28, Breakfast, Bananas - Raw 1 medium (7" to 7-7/8" long), 105, 27g, 0g, 1g, 0mg, 1mg, 14g, 3g
2014-10-28, Breakfast, Costco Vita Fusion - Calcium 500 Mg Gummy Vitamins for Adults 2 pieces, 30, 7g, 0g, 0g, 0mg, 15mg, 6g, 0g
2014-10-28, Breakfast, Grapes - Raw 153 g, 103, 26g, 1g, 1g, 0mg, 3mg, 25g, 1g
2014-10-28, Breakfast, Fairhaven Health - Fertilaid for Men 3 capsules, 0, 0g, 0g, 0g, 0mg, 0mg, 0g, 0g
2014-10-28, Lunch, Tom's Tabooley - Mediterranean Plate (Pre-Packaged) 1 plate, 489, 54g, 14g, 12g, 0mg, 322mg, 2g, 6g
2014-10-28, Lunch, Coca-Cola Company - Mexican Coke 500ml 500 ml, 200, 53g, 0g, 0g, 0mg, 12mg, 53g, 0g
2014-10-28, Dinner, Rufus Teague Blazin Hot - Barbecue Sauce 0.54 tbsp, 19, 4g, 0g, 0g, 0mg, 103mg, 4g, 0g
2014-10-28, Dinner, Quest Bar - Peanut Butter and Jelly 1 bar, 200, 21g, 10g, 20g, 4mg, 320mg, 2g, 17g
2014-10-28, Dinner, Morning Star Farms - Veggie Sausage Links 2 links(45g), 80, 3g, 3g, 9g, 0mg, 300mg, 0g, 2g
2014-10-28, Dinner, Amy's - Organic Cheddar Cheese Beans and Rice Burrito 1 Burrito (156 g), 260, 37g, 8g, 9g, 5mg, 430mg, 3g, 5g
2014-10-29, Breakfast, Nordic Naturals - Ultimate Omega 2 soft gels, 18, 0g, 2g, 0g, 0mg, 0mg, 0g, 0g
2014-10-29, Breakfast, Costco Vita Fusion - Calcium 500 Mg Gummy Vitamins for Adults 2 pieces, 30, 7g, 0g, 0g, 0mg, 15mg, 6g, 0g
2014-10-29, Breakfast, Fairhaven Health - Fertilaid for Men 3 capsules, 0, 0g, 0g, 0g, 0mg, 0mg, 0g, 0g
2014-10-29, Breakfast, Quest Bar - Mixed Berry Bliss 1 Bar (60g), 200, 22g, 8g, 20g, 5mg, 340mg, 2g, 18g
2014-10-29, Lunch, Grapes - Raw 1.5 cup, 92, 24g, 0g, 1g, 0mg, 3mg, 22g, 1g
2014-10-29, Lunch, Carrots - Baby-cut 7.5 oz (85g), 88, 20g, 0g, 3g, 0mg, 163mg, 13g, 5g
2014-10-29, Lunch, Laughing Cow - Mini Babybel Light Semisoft Cheese 1 mini babybel (21g), 50, 0g, 3g, 6g, 15mg, 160mg, 0g, 0g
2014-10-29, Lunch, Southwest Airlines - Lightly Salted Peanuts 1 bag (12 g), 70, 2g, 6g, 3g, 0mg, 70mg, 1g, 1g
2014-10-29, Lunch, Nabisco - Ritz Snack Mix 100 Calorie Pack 22 g, 100, 16g, 3g, 2g, 0mg, 200mg, 2g, 1g
2014-10-29, Dinner, Chipotle - Burrito Chipotle No Veg 1 Burrito, 965, 135g, 40g, 25g, 0mg, 3025mg, 13g, 29g
2014-10-29, Dinner, Coca Cola - Coca Cola - Classic 0.33 Can, 47, 13g, 0g, 0g, 0mg, 15mg, 13g, 0g
2014-10-29, Dinner, Chipotle - Chipotle Brown Beans & Rice Alone 0.88 Burrito, 280, 47g, 7g, 9g, 0mg, 372mg, 1g, 13g
2014-10-30, Breakfast, Morningside Farms Bacon Strips - Fake Bacon 3 Strips, 90, 3g, 7g, 3g, 0mg, 345mg, 0g, 2g
2014-10-30, Breakfast, Salad dressing - Thousand island regular 1.5 tbsp, 89, 4g, 8g, 0g, 6mg, 207mg, 4g, 0g
2014-10-30, Breakfast, Spinach - Raw 3 leaf, 7, 1g, 0g, 1g, 0mg, 24mg, 0g, 1g
2014-10-30, Breakfast, Dr Pepper - 20oz (591ml) 5 oz, 63, 17g, 0g, 0g, 0mg, 25mg, 16g, 0g
2014-10-30, Breakfast, Grapes - Green Seedless Angela 0.75 cup, 45, 21g, 0g, 1g, 0mg, 2mg, 18g, 1g
2014-10-30, Breakfast, Einstein Bagels - Onion Bagel 1 Bagel, 268, 59g, 1g, 9g, 0mg, 460mg, 5g, 2g
2014-10-30, Breakfast, Eggs - Scrambled (whole egg) 1 cup, 365, 5g, 27g, 24g, 774mg, 616mg, 4g, 0g
2014-10-30, Lunch, Trader Joes - Spiced Cider 4 fl. oz., 60, 15g, 0g, 0g, 0mg, 5mg, 12g, 0g
2014-10-30, Lunch, Dr Pepper - 20oz (591ml) 15 oz, 188, 50g, 0g, 0g, 0mg, 75mg, 48g, 0g
2014-10-30, Dinner, Sliced Almonds - Sliced Almonds 2 tbsp, 80, 2g, 7g, 2g, 0mg, 110mg, 0g, 1g
2014-10-30, Dinner, Sun-maid - California Organic Raisins (Grams) 80 grams, 260, 62g, 0g, 2g, 0mg, 20mg, 58g, 4g
2014-10-30, Dinner, Glutino - Lemon Wafer Cookies 1 cookies, 53, 8g, 2g, 0g, 0mg, 13mg, 4g, 0g
2014-10-30, Dinner, Fish - Salmon sockeye cooked dry heat 200 g, 432, 0g, 22g, 55g, 174mg, 132mg, 0g, 0g
2014-10-30, Dinner, Couscous - Cooked 0.33 cup cooked, 59, 12g, 0g, 2g, 0mg, 3mg, 0g, 1g
2014-10-30, Dinner, Sodexho - Sauted Green Beans 4 oz., 60, 4g, 4g, 2g, 0mg, 135mg, 1g, 0g
2014-10-31, Breakfast, Amoretti - Premium Syrup - French Vanilla 1 pump/8 mL, 35, 7g, 0g, 0g, 0mg, 5mg, 4g, 0g
2014-10-31, Breakfast, Fresh Red Raw - Tomato 4 g, 7, 2g, 0g, 0g, 0mg, 2mg, 1g, 1g
2014-10-31, Breakfast, Cheese - Cheddar - Slice 17 g, 70, 0g, 7g, 5g, 20mg, 140mg, 0g, 0g
2014-10-31, Breakfast, Costco Vita Fusion - Calcium 500 Mg Gummy Vitamins for Adults 2 pieces, 30, 7g, 0g, 0g, 0mg, 15mg, 6g, 0g
2014-10-31, Breakfast, Fairhaven Health - Fertilaid for Men 3 capsules, 0, 0g, 0g, 0g, 0mg, 0mg, 0g, 0g
2014-10-31, Breakfast, Nordic Naturals - Ultimate Omega 2 soft gels, 18, 0g, 2g, 0g, 0mg, 0mg, 0g, 0g
2014-10-31, Breakfast, Kangaroo - Pita Pocket Bread - Simply White 1 pita 1 pocket, 180, 38g, 2g, 6g, 0mg, 320mg, 2g, 2g
2014-10-31, Breakfast, Generic - Egg Large Soft-boiled 1 egg, 78, 1g, 5g, 6g, 187mg, 62mg, 1g, 0g
2014-10-31, Lunch, Egg - Large Fried Scrambled 1 egg, 70, 1g, 5g, 6g, 215mg, 65mg, 0g, 0g
2014-10-31, Lunch, Eurest - SautEd Mushrooms 1/2 cup, 67, 6g, 4g, 2g, 11mg, 68mg, 2g, 1g
2014-10-31, Lunch, Kraft - Honey Barbecue Sauce 36 g (2 tbsp), 60, 14g, 0g, 0g, 0mg, 280mg, 12g, 0g
2014-10-31, Lunch, Harpoon Brewery - Ufo Raspberry Hefeweizen Beer 12 oz., 144, 13g, 0g, 2g, 0mg, 0mg, 0g, 0g
2014-10-31, Lunch, Sodexo Campus - Veggie Burger 1 Sandwich, 370, 58g, 9g, 17g, 10mg, 1000mg, 7g, 7g
2014-10-31, Dinner, Hershey's - Mini Mounds 1 Piece 2 piece, 160, 20g, 9g, 0g, 0mg, 40mg, 14g, 2g
2014-10-31, Dinner, Chipotle - Burrito Chipotle Veggie+Guac 0.33 Burrito, 323, 47g, 12g, 9g, 0mg, 1135mg, 5g, 9g
2014-10-31, Dinner, Almond Joy - Mini 1 Mini, 85, 10g, 5g, 1g, 0mg, 20mg, 8g, 1g
2014-10-31, Dinner, Butterfingers Junior 37g - Candy Bar 1 bars 37g, 85, 14g, 4g, 1g, 0mg, 0mg, 9g, 0g
2014-10-31, Dinner, Skittles - Fun Size 1 Pack (20g), 60, 14g, 1g, 0g, 0mg, 2mg, 11g, 0g
2014-10-31, Dinner, Charms - Candy Corn Pops 2 pop, 120, 28g, 0g, 0g, 0mg, 0mg, 22g, 0g
2014-11-1, Breakfast, Sauted - Leek 3 leeks (1/4 cup chopped), 8, 2g, 0g, 1g, 0mg, 64mg, 0g, 1g
2014-11-1, Breakfast, Trader Joes - Premium Extra Virgin Olive Oil 0.33 tbsp (15mL), 40, 0g, 5g, 0g, 0mg, 0mg, 0g, 0g
2014-11-1, Breakfast, Cheese - Mozzarella part skim milk 1 oz, 72, 1g, 5g, 7g, 18mg, 175mg, 0g, 0g
2014-11-1, Breakfast, Sauce - Salsa 1 tablespoon, 4, 1g, 0g, 0g, 0mg, 99mg, 1g, 0g
2014-11-1, Breakfast, Eggs - Scrambled (whole egg) 2 large, 203, 3g, 15g, 14g, 429mg, 342mg, 2g, 0g
2014-11-1, Breakfast, Costco Vita Fusion - Calcium 500 Mg Gummy Vitamins for Adults 2 pieces, 30, 7g, 0g, 0g, 0mg, 15mg, 6g, 0g
2014-11-1, Breakfast, Fairhaven Health - Fertilaid for Men 3 capsules, 0, 0g, 0g, 0g, 0mg, 0mg, 0g, 0g
2014-11-1, Breakfast, Nordic Naturals - Ultimate Omega 2 soft gels, 18, 0g, 2g, 0g, 0mg, 0mg, 0g, 0g
2014-11-1, Breakfast, Ore-Ida - Potatoes O'brien With Onions and Peppers 3/4 cup (85 g), 60, 13g, 0g, 2g, 0mg, 30mg, 1g, 2g
2014-11-1, Breakfast, Coca Cola - Coca Cola - Classic 1 Can, 140, 39g, 0g, 0g, 0mg, 45mg, 39g, 0g
2014-11-1, Lunch, Spinach - Raw 0.75 cup, 5, 1g, 0g, 1g, 0mg, 18mg, 0g, 0g
2014-11-1, Lunch, Cheese - Swiss low fat 2 slice (1 oz), 100, 2g, 3g, 16g, 20mg, 146mg, 1g, 0g
2014-11-1, Lunch, Mushrooms - Raw 0.33 cup pieces or slices, 5, 1g, 0g, 1g, 0mg, 1mg, 0g, 0g
2014-11-1, Lunch, Fruit Salad - Mixed Fruit 1/2 cup, 45, 12g, 0g, 5g, 0mg, 11mg, 5g, 2g
2014-11-1, Lunch, Snickers - Snickers Mini 1 bar, 43, 6g, 2g, 1g, 1mg, 20mg, 5g, 0g
2014-11-1, Lunch, Ghiradeli - Dark Chocolate Squares 1 squares, 60, 5g, 5g, 1g, 0mg, 0mg, 3g, 1g
2014-11-1, Lunch, Homemade - Two Egg Plain Omelette 1 Omelette, 140, 1g, 11g, 14g, 372mg, 203mg, 1g, 0g
2014-11-1, Dinner, Generic - Sauted Mushrooms - Homemade 0.25 cup, 7, 0g, 0g, 0g, 0mg, 0mg, 0g, 0g
2014-11-1, Dinner, Fresh Red Raw - Tomato 4 g, 7, 2g, 0g, 0g, 0mg, 2mg, 1g, 1g
2014-11-1, Dinner, Cheesecake 0.5 piece (1/6 of 17 oz cake), 128, 10g, 9g, 2g, 22mg, 83mg, 0g, 0g
2014-11-1, Dinner, Homemade - Methi Paratha 1.5 paratha (about 55g), 197, 38g, 16g, 0g, 0mg, 0mg, 0g, 0g
2014-11-1, Dinner, Bombay House - Saag Paneer 2 cup, 388, 38g, 39g, 21g, 62mg, 364mg, 14g, 9g
2014-11-1, Dinner, Eurest - Curried Rice Lentil Soup 4 ladle (6 oz), 335, 61g, 5g, 15g, 0mg, 2557mg, 9g, 15g
2014-11-1, Dinner, Generic - Egg Cream - Chocolate 10 oz, 210, 37g, 3g, 10g, 39mg, 145mg, 32g, 0g
2014-11-1, Dinner, Charms - Candy Corn Pops 1 pop, 60, 14g, 0g, 0g, 0mg, 0mg, 11g, 0g
2014-11-1, Dinner, Generic - Grilled Swiss Cheese Sandwich 1 sandwich, 250, 16g, 7g, 10g, 20mg, 300mg, 6g, 1g
2014-11-2, Breakfast, Fairhaven Health - Fertilaid for Men 3 capsules, 0, 0g, 0g, 0g, 0mg, 0mg, 0g, 0g
2014-11-2, Breakfast, Nordic Naturals - Ultimate Omega 2 soft gels, 18, 0g, 2g, 0g, 0mg, 0mg, 0g, 0g
2014-11-2, Breakfast, Bananas - Raw 1 medium (7" to 7-7/8" long), 105, 27g, 0g, 1g, 0mg, 1mg, 14g, 3g
2014-11-2, Breakfast, Hummus Sandwich 2 serving(s), 413, 75g, 9g, 18g, 0mg, 951mg, 2g, 10g
2014-11-2, Breakfast, Homemade - Cabbage Curry 0.25 cup, 38, 3g, 3g, 1g, 0mg, 441mg, 0g, 1g
2014-11-2, Breakfast, Costco Vita Fusion - Calcium 500 Mg Gummy Vitamins for Adults 2 pieces, 30, 7g, 0g, 0g, 0mg, 15mg, 6g, 0g
2014-11-2, Breakfast, Taste of Ethiopia - Collard Greens (Gomen) & Turmeric Potatoes (Denitch) 2 oz (227g), 45, 5g, 3g, 1g, 0mg, 118mg, 0g, 1g
2014-11-2, Lunch, Burger - Quinoa Cowboy Veggie Burgers 1 Burger, 180, 22g, 8g, 5g, 0mg, 280mg, 2g, 6g
2014-11-2, Lunch, Trader Joe's - Hatch Valley Salsa 2/3 g (2Tbsp), 0, 0g, 0g, 0g, 0mg, 2mg, 0g, 0g
2014-11-2, Lunch, Trader Joe's Organics - Sugar Plum Tomatoes 0.5 oz (8 sugar plum tomatoes), 5, 0g, 0g, 0g, 0mg, 1mg, 0g, 0g
2014-11-2, Lunch, Hellmanns - Mayonaise 0.33 tbsp, 30, 0g, 3g, 0g, 2mg, 30mg, 0g, 0g
2014-11-2, Lunch, Generic - Red Onion Slice 2 Slice, 12, 3g, 0g, 0g, 0mg, 1mg, 1g, 1g
2014-11-2, Lunch, Trader Joe's Organics - Arugula 0.5 cups (85g), 5, 1g, 0g, 1g, 0mg, 6mg, 0g, 0g
2014-11-2, Lunch, Willy Wonka - Laffy Taffy Banana (Fun Size) 2 bars, 70, 15g, 1g, 0g, 0mg, 25mg, 10g, 0g
2014-11-2, Lunch, Smarties - Candy 1 roll (7g), 25, 6g, 0g, 0g, 0mg, 0mg, 6g, 0g
2014-11-2, Lunch, Trader Joe's - Sliced Light Cheddar Cheese 1 slice, 70, 0g, 5g, 8g, 15mg, 170mg, 0g, 0g
2014-11-2, Lunch, Trader Joe's - Organic Multi Grain Bread 1 slice, 80, 17g, 1g, 4g, 0mg, 115mg, 1g, 2g
2014-11-2, Dinner, Trader Joe's - Smooth and Creamy Cilantro Jalapeo Hummus 1 tbsp (29g), 40, 3g, 3g, 1g, 0mg, 70mg, 1g, 1g
2014-11-2, Dinner, Mancini - Sweet Roasted Peppers 1 oz., 10, 2g, 0g, 0g, 0mg, 60mg, 1g, 0g
2014-11-2, Dinner, Trader Joe's - Sliced Light Cheddar Cheese 1 slice, 70, 0g, 5g, 8g, 15mg, 170mg, 0g, 0g
2014-11-2, Dinner, Southwest Airlines - Plane Peanuts 2 bag ( 12 g), 140, 4g, 12g, 6g, 0mg, 190mg, 0g, 2g
2014-11-2, Dinner, Southwest Airlines - Plane Crackers 1 bag (21g), 90, 16g, 3g, 1g, 0mg, 200mg, 2g, 0g
2014-11-2, Dinner, Coca-Cola - Classic - 20oz Bottle 10 fl oz (591mL), 120, 33g, 0g, 0g, 0mg, 38mg, 33g, 0g
2014-11-2, Dinner, Laughing Cow - Mini Babybel Light Semisoft Cheese 1 mini babybel (21g), 50, 0g, 3g, 6g, 15mg, 160mg, 0g, 0g
2014-11-2, Dinner, Trader Joe's - Organic Multi Grain Bread 2 slice, 160, 34g, 2g, 8g, 0mg, 230mg, 1g, 4g
2014-11-2, Dinner, Eurest - Roasted Eggplant 0.33 cup, 17, 3g, 1g, 0g, 0mg, 6mg, 1g, 2g
2014-11-3, Breakfast, Costco Vita Fusion - Calcium 500 Mg Gummy Vitamins for Adults 2 pieces, 30, 7g, 0g, 0g, 0mg, 15mg, 6g, 0g
2014-11-3, Breakfast, Fairhaven Health - Fertilaid for Men 3 capsules, 0, 0g, 0g, 0g, 0mg, 0mg, 0g, 0g
2014-11-3, Breakfast, Nordic Naturals - Ultimate Omega 2 soft gels, 18, 0g, 2g, 0g, 0mg, 0mg, 0g, 0g
2014-11-3, Breakfast, Apple - Fuji 1 large (3-1/4" dia), 109, 29g, 0g, 1g, 0mg, 2mg, 22g, 4g
2014-11-3, Lunch, Dr. Pepper - Cherry Dr. Pepper- 12 oz Can 12 oz, 160, 43g, 0g, 0g, 0mg, 60mg, 41g, 0g
2014-11-3, Lunch, Grapes - Raw 0.3 cup, 18, 5g, 0g, 0g, 0mg, 1mg, 4g, 0g
2014-11-3, Lunch, Bananas - Raw 1 medium (7" to 7-7/8" long), 105, 27g, 0g, 1g, 0mg, 1mg, 14g, 3g
2014-11-3, Lunch, Quest Nutrition - Quest Bar - Coconut Cashew 1 Bar (60g), 170, 25g, 6g, 20g, 5mg, 250mg, 1g, 17g
2014-11-3, Lunch, Smart Ones - Santa Fe Stle Rice & Beans 1 package, 290, 50g, 6g, 9g, 5mg, 430mg, 5g, 4g
2014-11-3, Lunch, Heb - Select Edamame Shelled Soybeans 0.5 cup, 120, 8g, 5g, 12g, 0mg, 5mg, 2g, 6g
2014-11-3, Dinner, Grapes - Raw 200 g, 134, 34g, 1g, 1g, 0mg, 4mg, 33g, 2g
2014-11-4, Breakfast, Fairhaven Health - Fertilaid for Men 3 capsules, 0, 0g, 0g, 0g, 0mg, 0mg, 0g, 0g
2014-11-4, Breakfast, Nordic Naturals - Ultimate Omega 2 soft gels, 18, 0g, 2g, 0g, 0mg, 0mg, 0g, 0g
2014-11-4, Breakfast, all natural - simple lemonade 8 fl oz, 120, 30g, 0g, 0g, 0mg, 0mg, 28g, 0g
2014-11-4, Breakfast, Heb - Select Edamame Shelled Soybeans 0.5 cup, 120, 8g, 5g, 12g, 0mg, 5mg, 2g, 6g
2014-11-4, Breakfast, QuestBar - Protein Bar Peanut Butter Jelly 1 bar, 200, 21g, 10g, 20g, 4mg, 320mg, 2g, 17g
2014-11-4, Breakfast, Costco Vita Fusion - Calcium 500 Mg Gummy Vitamins for Adults 2 pieces, 30, 7g, 0g, 0g, 0mg, 15mg, 6g, 0g
2014-11-4, Breakfast, Bananas - Raw 2 medium (7" to 7-7/8" long), 210, 54g, 1g, 3g, 0mg, 2mg, 29g, 6g
2014-11-4, Lunch, Coca-Cola - Classic - 20oz Bottle 10 fl oz (591mL), 120, 33g, 0g, 0g, 0mg, 38mg, 33g, 0g
2014-11-4, Lunch, Kitchens of India - Papaya & Raisin Chutney 1 tbsp, 50, 12g, 0g, 0g, 0mg, 140mg, 10g, 0g
2014-11-4, Lunch, Fish - Salmon sockeye cooked dry heat 127 g, 274, 0g, 14g, 35g, 110mg, 84mg, 0g, 0g
2014-11-4, Dinner, Dr. Pepper - Cherry Dr. Pepper- 12 oz Can 12 oz, 160, 43g, 0g, 0g, 0mg, 60mg, 41g, 0g
2014-11-4, Dinner, Whole Foods - Kung Pao Tofu With Peanuts 6 oz., 430, 38g, 25g, 19g, 0mg, 730mg, 19g, 4g
2014-11-4, Dinner, Bananas - Raw 1 medium (7" to 7-7/8" long), 105, 27g, 0g, 1g, 0mg, 1mg, 14g, 3g
2014-11-5, Breakfast, Quest Bar - Peanut Butter and Jelly 1 bar, 200, 21g, 10g, 20g, 4mg, 320mg, 2g, 17g
2014-11-5, Breakfast, Costco Vita Fusion - Calcium 500 Mg Gummy Vitamins for Adults 2 pieces, 30, 7g, 0g, 0g, 0mg, 15mg, 6g, 0g
2014-11-5, Breakfast, Fairhaven Health - Fertilaid for Men 3 capsules, 0, 0g, 0g, 0g, 0mg, 0mg, 0g, 0g
2014-11-5, Breakfast, Nordic Naturals - Ultimate Omega 2 soft gels, 18, 0g, 2g, 0g, 0mg, 0mg, 0g, 0g
2014-11-5, Breakfast, Bananas - Raw 1 medium (7" to 7-7/8" long), 105, 27g, 0g, 1g, 0mg, 1mg, 14g, 3g
2014-11-5, Lunch, Torchy's Tacos - Dirty Sanchez 1 taco, 380, 26g, 21g, 21g, 345mg, 1760mg, 0g, 4g
2014-11-5, Lunch, Torchy's - Fried Avocado Taco 100 g, 410, 49g, 16g, 17g, 40mg, 1430mg, 6g, 5g
2014-11-5, Lunch, Blue Moon - Belgian White 12 oz, 171, 14g, 0g, 3g, 0mg, 17mg, 0g, 0g
2014-11-5, Lunch, Generic - Corn Tortilla Chips 5.5 Chip, 83, 11g, 4g, 1g, 0mg, 72mg, 0g, 1g
2014-11-5, Lunch, Torchy's Taco - Queso 0.2 Cup Cooked, 111, 4g, 8g, 7g, 27mg, 512mg, 0g, 0g
2014-11-5, Dinner, Grapes - Raw 216 g, 145, 37g, 1g, 1g, 0mg, 4mg, 35g, 2g
2014-11-5, Dinner, Heb - Select Edamame Shelled Soybeans 0.5 cup, 120, 8g, 5g, 12g, 0mg, 5mg, 2g, 6g
2014-11-6, Breakfast, Costco Vita Fusion - Calcium 500 Mg Gummy Vitamins for Adults 2 pieces, 30, 7g, 0g, 0g, 0mg, 15mg, 6g, 0g
2014-11-6, Breakfast, Fairhaven Health - Fertilaid for Men 3 capsules, 0, 0g, 0g, 0g, 0mg, 0mg, 0g, 0g
2014-11-6, Breakfast, Nordic Naturals - Ultimate Omega 2 soft gels, 18, 0g, 2g, 0g, 0mg, 0mg, 0g, 0g
2014-11-6, Breakfast, Quest - Protein Bar Chocolate Peanut Butter 1 bar (60 g), 160, 25g, 5g, 20g, 5mg, 240mg, 2g, 17g
2014-11-6, Lunch, Japanese Food - Ramen 1.25 bowl (24cm), 688, 63g, 23g, 24g, 0mg, 2500mg, 6g, 3g
2014-11-6, Lunch, Coca Cola - Coca Cola - Classic 1 Can, 140, 39g, 0g, 0g, 0mg, 45mg, 39g, 0g
